id,Pred,Theory,Prob
0,1,1,0.671925961971283
1,1,1,0.9054901003837585
2,1,1,0.8756946325302124
3,1,1,0.8796485066413879
4,1,1,0.8041864633560181
5,1,1,0.8449603915214539
6,1,1,0.9569594264030457
7,1,1,0.9101321697235107
8,1,1,0.6652147173881531
9,1,1,0.9643735289573669
10,1,1,0.9670954346656799
11,1,1,0.9506503343582153
12,0,1,0.4022600054740906
13,1,1,0.703784704208374
14,1,1,0.8301749229431152
15,0,1,0.2433626651763916
16,1,1,0.8928502202033997
17,0,1,0.270832896232605
18,0,1,0.3568006455898285
19,1,1,0.632560133934021
20,1,1,0.5394353270530701
21,1,1,0.9864485859870911
22,1,1,0.9393919110298157
23,1,1,0.8423218727111816
24,1,1,0.7734548449516296
25,1,1,0.5819133520126343
26,0,1,0.10421909391880035
27,0,1,0.329601526260376
28,1,1,0.9881615042686462
29,0,1,0.08884584158658981
30,1,1,0.9991169571876526
31,1,1,0.6320581436157227
32,1,1,0.9929397106170654
33,1,1,0.9529049396514893
34,1,1,0.6111985445022583
35,1,1,0.8988884091377258
36,0,1,0.27131980657577515
37,1,1,0.9669697880744934
38,1,1,0.9467151165008545
39,1,1,0.9356598854064941
40,1,1,0.9696545004844666
41,1,1,0.8928298950195312
42,1,1,0.9401660561561584
43,1,1,0.6472517848014832
44,0,1,0.13823775947093964
45,1,1,0.8236623406410217
46,1,1,0.6296159625053406
47,1,1,0.5041259527206421
48,1,1,0.7685842514038086
49,1,1,0.5639855861663818
50,1,1,0.9911308288574219
51,1,1,0.8614954948425293
52,1,1,0.9371739029884338
53,1,1,0.9643471240997314
54,1,1,0.8947207927703857
55,1,1,0.904053270816803
56,1,1,0.7764478325843811
57,1,1,0.8781628012657166
58,1,1,0.9889804124832153
59,0,1,0.4182277023792267
60,0,1,0.36023542284965515
61,1,1,0.9634939432144165
62,1,1,0.9642038345336914
63,1,1,0.8170125484466553
64,1,1,0.8738727569580078
65,1,1,0.8866935968399048
66,1,1,0.8640868663787842
67,1,1,0.7646604180335999
68,1,1,0.9129979610443115
69,1,1,0.6620530486106873
70,1,1,0.6351843476295471
71,1,1,0.9474807381629944
72,1,1,0.8932464718818665
73,1,1,0.8105324506759644
74,1,1,0.8190538883209229
75,0,1,0.25457194447517395
76,1,1,0.7939771413803101
77,1,1,0.852965772151947
78,1,1,0.7488414645195007
79,0,1,0.48900505900382996
80,1,1,0.9583575129508972
81,1,1,0.9155248403549194
82,1,1,0.7908521294593811
83,1,1,0.9894533157348633
84,1,1,0.9071778059005737
85,1,1,0.9696709513664246
86,1,1,0.9063040614128113
87,1,1,0.6078399419784546
88,0,1,0.10955194383859634
89,1,1,0.9540310502052307
90,1,1,0.8958597779273987
91,1,1,0.947588324546814
92,1,1,0.6588377356529236
93,1,1,0.9520891308784485
94,1,1,0.6204513907432556
95,1,1,0.6493587493896484
96,1,1,0.9006583094596863
97,1,1,0.7755244374275208
98,1,1,0.7328140735626221
99,1,1,0.7889214158058167
100,1,1,0.5937015414237976
101,1,1,0.91575688123703
102,1,1,0.9916455149650574
103,1,1,0.9270688891410828
104,1,1,0.8776474595069885
105,0,1,0.42204421758651733
106,1,1,0.960960328578949
107,1,1,0.8487821221351624
108,1,1,0.7868537902832031
109,1,1,0.9658438563346863
110,1,1,0.797887921333313
111,0,1,0.23644153773784637
112,1,1,0.9761747121810913
113,1,1,0.9046832919120789
114,1,1,0.7206277847290039
115,1,1,0.9248136281967163
116,1,1,0.7341557145118713
117,1,1,0.9528309106826782
118,0,1,0.42653071880340576
119,1,1,0.9646725058555603
120,1,1,0.8081258535385132
121,1,1,0.5146830677986145
122,1,1,0.9605803489685059
123,1,1,0.8351033329963684
124,1,1,0.8594863414764404
125,1,1,0.96000736951828
126,1,1,0.8711488842964172
127,1,1,0.6058392524719238
128,1,1,0.9730373024940491
129,1,1,0.9399327039718628
130,1,1,0.6901282668113708
131,1,1,0.9650846123695374
132,0,1,0.22844260931015015
133,1,1,0.9974960684776306
134,1,1,0.5157131552696228
135,1,1,0.6367947459220886
136,1,1,0.9456339478492737
137,0,1,0.39768165349960327
138,0,1,0.2007681280374527
139,0,1,0.15785576403141022
140,0,1,0.34313613176345825
141,1,1,0.9818321466445923
142,1,1,0.9011828899383545
143,1,1,0.6319189667701721
144,1,1,0.8935340046882629
145,0,1,0.06386769562959671
146,1,1,0.926983654499054
147,1,1,0.9894952178001404
148,1,1,0.7226442694664001
149,1,1,0.9575497508049011
150,1,1,0.9774729013442993
151,1,1,0.6073480248451233
152,1,1,0.8509731888771057
153,1,1,0.9514187574386597
154,1,1,0.9368301033973694
155,1,1,0.8471895456314087
156,1,1,0.9497208595275879
157,0,1,0.14188960194587708
158,1,1,0.9417443871498108
159,1,1,0.8451856374740601
160,1,1,0.9459731578826904
161,1,1,0.915856659412384
162,1,1,0.981971800327301
163,1,1,0.9193807244300842
164,1,1,0.8750252723693848
165,1,1,0.84206622838974
166,1,1,0.9164342880249023
167,1,1,0.5998873710632324
168,1,1,0.890917181968689
169,1,1,0.5435715913772583
170,1,1,0.9829503297805786
171,0,1,0.46572837233543396
172,1,1,0.8335915207862854
173,1,1,0.847017765045166
174,1,1,0.7239477038383484
175,0,1,0.3728027045726776
176,1,1,0.9140301942825317
177,1,1,0.9127134680747986
178,1,1,0.6984835267066956
179,1,1,0.96101313829422
180,1,1,0.9499373435974121
181,0,1,0.4654155969619751
182,0,1,0.33129048347473145
183,0,1,0.3892299234867096
184,1,1,0.667919933795929
185,0,1,0.33863386511802673
186,1,1,0.7053815126419067
187,0,1,0.30553534626960754
188,1,1,0.9395412802696228
189,1,1,0.9915452599525452
190,1,1,0.9852397441864014
191,1,1,0.8497107625007629
192,1,1,0.9697693586349487
193,1,1,0.9523246884346008
194,1,1,0.8183905482292175
195,0,1,0.09440318495035172
196,1,1,0.9681814908981323
197,1,1,0.6285094022750854
198,1,1,0.9657309055328369
199,1,1,0.991441547870636
200,1,1,0.6870543360710144
201,1,1,0.978455126285553
202,1,1,0.9226183295249939
203,0,1,0.22024688124656677
204,0,1,0.12899987399578094
205,1,1,0.8829358816146851
206,0,1,0.1759272813796997
207,0,1,0.28104594349861145
208,1,1,0.6400539875030518
209,1,1,0.6649278998374939
210,1,1,0.9592838287353516
211,1,1,0.9598348140716553
212,1,1,0.8961825966835022
213,1,1,0.756929874420166
214,1,1,0.554619312286377
215,1,1,0.9027542471885681
216,1,1,0.7522093057632446
217,0,1,0.40978825092315674
218,1,1,0.9579614400863647
219,1,1,0.9032760262489319
220,1,1,0.9516699314117432
221,0,1,0.4622576832771301
222,1,1,0.8895636796951294
223,1,1,0.9983260035514832
224,1,1,0.9237513542175293
225,0,1,0.2813343107700348
226,1,1,0.717515230178833
227,1,1,0.9895154237747192
228,1,1,0.9771003723144531
229,1,1,0.7503266334533691
230,1,1,0.5736597180366516
231,1,1,0.9241970181465149
232,1,1,0.8647697567939758
233,1,1,0.8694688677787781
234,1,1,0.8150931596755981
235,1,1,0.9273489713668823
236,0,1,0.040316399186849594
237,1,1,0.7520588040351868
238,1,1,0.703910231590271
239,0,1,0.1538117378950119
240,1,1,0.8245686292648315
241,1,1,0.9526064991950989
242,1,1,0.6726648211479187
243,1,1,0.8651215434074402
244,1,1,0.6144519448280334
245,1,1,0.9697292447090149
246,1,1,0.9876977801322937
247,1,1,0.9387602806091309
248,1,1,0.8439337015151978
249,1,1,0.7327575087547302
250,0,1,0.417844295501709
251,1,1,0.9737866520881653
252,0,1,0.4273063838481903
253,1,1,0.9753138422966003
254,1,1,0.9731413722038269
255,1,1,0.8499743938446045
256,0,1,0.24616673588752747
257,1,1,0.9054951071739197
258,1,1,0.9594160318374634
259,1,1,0.8230438828468323
260,1,1,0.7002553343772888
261,1,1,0.9041075110435486
262,1,1,0.9615644812583923
263,1,1,0.8288557529449463
264,1,1,0.7307690978050232
265,1,1,0.8351998925209045
266,1,1,0.904632568359375
267,1,1,0.9071240425109863
268,1,1,0.6481067538261414
269,0,1,0.0851680114865303
270,1,1,0.975767970085144
271,0,1,0.3795630633831024
272,0,1,0.3701830804347992
273,1,1,0.9900239109992981
274,1,1,0.9143423438072205
275,1,1,0.636214017868042
276,0,1,0.43983393907546997
277,1,1,0.8990423083305359
278,0,1,0.1331629753112793
279,0,1,0.4198664724826813
280,0,1,0.09477237612009048
281,1,1,0.6134564280509949
282,1,1,0.9447213411331177
283,0,1,0.3471386432647705
284,1,1,0.9727694392204285
285,1,1,0.9708596467971802
286,0,1,0.15503162145614624
287,1,1,0.9453511834144592
288,1,1,0.9309201240539551
289,0,1,0.34896448254585266
290,1,1,0.5147036910057068
291,1,1,0.6269447803497314
292,1,1,0.9734699726104736
293,1,1,0.7692022919654846
294,1,1,0.8692423701286316
295,1,1,0.5500849485397339
296,1,1,0.9964564442634583
297,1,1,0.9608099460601807
298,1,1,0.5104649662971497
299,0,1,0.21142546832561493
300,1,1,0.7687031030654907
301,1,1,0.8858250379562378
302,1,1,0.8902360796928406
303,1,1,0.9803054332733154
304,1,1,0.9415099620819092
305,1,1,0.8169789910316467
306,1,1,0.9848467111587524
307,1,1,0.9673222899436951
308,1,1,0.975016713142395
309,1,1,0.8029533624649048
310,1,1,0.9337673187255859
311,1,1,0.8447166085243225
312,1,1,0.9781879186630249
313,0,1,0.2692968547344208
314,1,1,0.9683421850204468
315,1,1,0.5637571811676025
316,1,1,0.7601059079170227
317,1,1,0.7996766567230225
318,1,1,0.8250896334648132
319,1,1,0.9449727535247803
320,1,1,0.9849615097045898
321,1,1,0.990168571472168
322,1,1,0.9531767964363098
323,0,1,0.3566383421421051
324,1,1,0.8558300137519836
325,0,1,0.3130396902561188
326,1,1,0.9918820261955261
327,1,1,0.9689332246780396
328,1,1,0.9660139083862305
329,1,1,0.8162170052528381
330,1,1,0.9798048734664917
331,1,1,0.7616208791732788
332,0,1,0.4169502258300781
333,1,1,0.9942383766174316
334,1,1,0.7631120085716248
335,1,1,0.7551013231277466
336,0,1,0.48201581835746765
337,0,1,0.4702093303203583
338,1,1,0.8271931409835815
339,1,1,0.9365128874778748
340,1,1,0.9452411532402039
341,1,1,0.905358076095581
342,1,1,0.7698268890380859
343,0,1,0.2510124742984772
344,0,1,0.08348733186721802
345,1,1,0.9867841005325317
346,1,1,0.6586278080940247
347,1,1,0.9798667430877686
348,0,1,0.22643116116523743
349,1,1,0.6972577571868896
350,1,1,0.8835837244987488
351,0,1,0.31792715191841125
352,1,1,0.9126527905464172
353,1,1,0.8282750844955444
354,0,1,0.10419831424951553
355,0,1,0.48580899834632874
356,1,1,0.714996337890625
357,1,1,0.9805928468704224
358,1,1,0.9885818362236023
359,0,1,0.12456071376800537
360,1,1,0.6445720791816711
361,1,1,0.980563759803772
362,0,1,0.278091162443161
363,1,1,0.9806737899780273
364,0,1,0.42331773042678833
365,0,1,0.15615276992321014
366,1,1,0.8818952441215515
367,1,1,0.9039295315742493
368,1,1,0.5917442440986633
369,0,1,0.3579099178314209
370,0,1,0.22500795125961304
371,0,1,0.36653590202331543
372,1,1,0.8846789598464966
373,1,1,0.9753885865211487
374,1,1,0.9389526844024658
375,1,1,0.9874222278594971
376,1,1,0.7260838150978088
377,1,1,0.9463256597518921
378,1,1,0.909922182559967
379,1,1,0.9457718133926392
380,1,1,0.8162700533866882
381,1,1,0.911765992641449
382,1,1,0.7927783131599426
383,0,1,0.4327434003353119
384,1,1,0.9880297780036926
385,1,1,0.594117283821106
386,1,1,0.9868294596672058
387,1,1,0.9518426060676575
388,1,1,0.8426045775413513
389,0,1,0.15056195855140686
390,1,1,0.8398035764694214
391,1,1,0.6990312337875366
392,1,1,0.9676074385643005
393,1,1,0.922609269618988
394,1,1,0.9969191551208496
395,1,1,0.9028870463371277
396,1,1,0.9736363291740417
397,1,1,0.9334405660629272
398,1,1,0.8006277084350586
399,1,1,0.96102374792099
400,1,1,0.8811514973640442
401,0,1,0.18228362500667572
402,1,1,0.8948956727981567
403,1,1,0.8532830476760864
404,1,1,0.8144756555557251
405,1,1,0.8277524709701538
406,1,1,0.9768996238708496
407,0,1,0.4263736307621002
408,1,1,0.938223659992218
409,1,1,0.9337382316589355
410,1,1,0.9544693827629089
411,1,1,0.8733499050140381
412,1,1,0.9159106612205505
413,1,1,0.5014901757240295
414,0,1,0.030920986086130142
415,1,1,0.8725234270095825
416,1,1,0.9502757787704468
417,1,1,0.943580150604248
418,1,1,0.8272342681884766
419,1,1,0.6449857950210571
420,1,1,0.5972784757614136
421,1,1,0.7841604351997375
422,1,1,0.8218441605567932
423,0,1,0.4870573878288269
424,1,1,0.9393314123153687
425,0,1,0.44458869099617004
426,1,1,0.945706307888031
427,1,1,0.9607572555541992
428,1,1,0.8903152346611023
429,1,1,0.9897009134292603
430,1,1,0.864168107509613
431,1,1,0.9609624147415161
432,1,1,0.9490684270858765
433,1,1,0.8969103693962097
434,1,1,0.9362279176712036
435,1,1,0.870568573474884
436,1,1,0.948828399181366
437,1,1,0.9359757900238037
438,1,1,0.6950563788414001
439,0,1,0.15909439325332642
440,1,1,0.9766756892204285
441,1,1,0.9255375862121582
442,1,1,0.9359803795814514
443,1,1,0.718315839767456
444,1,1,0.9845051169395447
445,1,1,0.6227657794952393
446,1,1,0.9249232411384583
447,1,1,0.844741702079773
448,1,1,0.9934011101722717
449,1,1,0.9081483483314514
450,0,1,0.2915154993534088
451,0,1,0.07532472908496857
452,1,1,0.6406760215759277
453,1,1,0.8217875957489014
454,1,1,0.9835292100906372
455,1,1,0.8766937255859375
456,0,1,0.18111193180084229
457,0,1,0.3368619978427887
458,1,1,0.9691945910453796
459,1,1,0.943818211555481
460,1,1,0.9427670240402222
461,1,1,0.8218984603881836
462,1,1,0.5859009623527527
463,1,1,0.8937221169471741
464,0,1,0.47769036889076233
465,1,1,0.7730899453163147
466,1,1,0.5065340399742126
467,1,1,0.8379004001617432
468,1,1,0.9050595760345459
469,1,1,0.9413473606109619
470,1,1,0.5383203029632568
471,1,1,0.7807413935661316
472,1,1,0.8285372257232666
473,1,1,0.9876090288162231
474,1,1,0.67664635181427
475,1,1,0.6957958340644836
476,1,1,0.8749500513076782
477,1,1,0.9866352677345276
478,1,1,0.8451805710792542
479,1,1,0.9744693040847778
480,1,1,0.7508834004402161
481,1,1,0.6900852918624878
482,1,1,0.7700464725494385
483,1,1,0.7091298699378967
484,1,1,0.884127140045166
485,1,1,0.9956095814704895
486,1,1,0.9160110950469971
487,1,1,0.8050240874290466
488,1,1,0.8893504738807678
489,1,1,0.9176102876663208
490,1,1,0.7001835703849792
491,1,1,0.9365190267562866
492,0,1,0.22620359063148499
493,1,1,0.5582430362701416
494,0,1,0.18109218776226044
495,1,1,0.9765224456787109
496,1,1,0.8753783702850342
497,1,1,0.8764063715934753
498,1,1,0.9554421305656433
499,0,1,0.17373886704444885
500,1,1,0.9703903198242188
501,1,1,0.9828407764434814
502,1,1,0.9867470264434814
503,0,1,0.2773727476596832
504,1,1,0.6183120012283325
505,0,1,0.09017064422369003
506,0,1,0.04575307294726372
507,0,1,0.13973048329353333
508,1,1,0.8802704215049744
509,1,1,0.98897784948349
510,1,1,0.9629520773887634
511,1,1,0.952583372592926
512,0,1,0.08531927317380905
513,1,1,0.9741095900535583
514,1,1,0.9737846255302429
515,0,1,0.299640029668808
516,1,1,0.9477999806404114
517,1,1,0.9670946598052979
518,1,1,0.7966944575309753
519,1,1,0.9446163773536682
520,1,1,0.9653496146202087
521,0,1,0.40362274646759033
522,1,1,0.9139694571495056
523,1,1,0.9566339254379272
524,1,1,0.9784043431282043
525,1,1,0.9009150862693787
526,0,1,0.3573049306869507
527,0,1,0.20336966216564178
528,1,1,0.9903820157051086
529,1,1,0.9936122298240662
530,1,1,0.9272090792655945
531,1,1,0.5663822293281555
532,1,1,0.8216902017593384
533,1,1,0.8803960084915161
534,1,1,0.9503333568572998
535,1,1,0.8905680775642395
536,1,1,0.5969354510307312
537,0,1,0.27158603072166443
538,1,1,0.9064487218856812
539,1,1,0.8828526139259338
540,1,1,0.721520721912384
541,1,1,0.9675182700157166
542,1,1,0.9675735235214233
543,1,1,0.6443374156951904
544,0,1,0.22501054406166077
545,1,1,0.9766051173210144
546,1,1,0.9868159890174866
547,1,1,0.9531868696212769
548,1,1,0.9828370809555054
549,1,1,0.9619767069816589
550,1,1,0.7045300006866455
551,1,1,0.8985173106193542
552,1,1,0.9895339608192444
553,0,1,0.14967964589595795
554,1,1,0.8989652395248413
555,1,1,0.9656108617782593
556,1,1,0.9639765620231628
557,1,1,0.8110942840576172
558,1,1,0.8633548021316528
559,1,1,0.954410970211029
560,1,1,0.7918541431427002
561,0,1,0.465839147567749
562,1,1,0.6294732093811035
563,0,1,0.21963919699192047
564,0,1,0.06721456348896027
565,1,1,0.9498805403709412
566,1,1,0.9399890303611755
567,1,1,0.9659132361412048
568,1,1,0.8487455248832703
569,0,1,0.2230745553970337
570,1,1,0.9860584139823914
571,1,1,0.7928418517112732
572,1,1,0.9681726694107056
573,1,1,0.9607043266296387
574,1,1,0.5620227456092834
575,1,1,0.9474284052848816
576,1,1,0.9045881628990173
577,1,1,0.6353026032447815
578,1,1,0.9725478291511536
579,1,1,0.8967054486274719
580,1,1,0.9852468967437744
581,1,1,0.9740195274353027
582,1,1,0.8781915903091431
583,1,1,0.8702176809310913
584,1,1,0.5620108246803284
585,1,1,0.8399867415428162
586,1,1,0.871853232383728
587,1,1,0.9903199076652527
588,1,1,0.9287645816802979
589,1,1,0.9306448101997375
590,0,1,0.17693740129470825
591,1,1,0.747736930847168
592,1,1,0.7456357479095459
593,1,1,0.6963765025138855
594,1,1,0.8063654899597168
595,1,1,0.8593745827674866
596,1,1,0.9759969711303711
597,1,1,0.6474254727363586
598,0,1,0.4460068345069885
599,1,1,0.8117918372154236
600,1,1,0.818789541721344
601,1,1,0.8131445646286011
602,1,1,0.9379701018333435
603,1,1,0.619438111782074
604,1,1,0.7018405795097351
605,1,1,0.9713903069496155
606,1,1,0.8730286955833435
607,0,1,0.4450949430465698
608,1,1,0.8281434774398804
609,1,1,0.9598417282104492
610,1,1,0.5507670044898987
611,1,1,0.7038986086845398
612,1,1,0.9259498119354248
613,1,1,0.976445734500885
614,1,1,0.9852188229560852
615,0,1,0.4314526617527008
616,1,1,0.9375478625297546
617,1,1,0.8037061095237732
618,0,1,0.4293777048587799
619,0,1,0.23694095015525818
620,1,1,0.9098573327064514
621,1,1,0.952613115310669
622,1,1,0.8003197312355042
623,0,1,0.41708242893218994
624,1,1,0.9922206997871399
625,1,1,0.9629300236701965
626,0,1,0.4468514323234558
627,1,1,0.8962057828903198
628,1,1,0.8116514086723328
629,1,1,0.9496811032295227
630,1,1,0.7306139469146729
631,1,1,0.6751360297203064
632,1,1,0.9526916146278381
633,1,1,0.9105039834976196
634,1,1,0.9732995629310608
635,1,1,0.8521928191184998
636,1,1,0.9622416496276855
637,1,1,0.9656568765640259
638,1,1,0.960439145565033
639,1,1,0.9476088881492615
640,1,1,0.9836978316307068
641,1,1,0.896087646484375
642,1,1,0.5369467735290527
643,0,1,0.047715090215206146
644,1,1,0.8193389773368835
645,1,1,0.6518175601959229
646,1,1,0.8987816572189331
647,1,1,0.8388593792915344
648,1,1,0.9559008479118347
649,1,1,0.8620097041130066
650,1,1,0.879493236541748
651,1,1,0.9040669798851013
652,1,1,0.9422018527984619
653,1,1,0.952495813369751
654,0,1,0.403801828622818
655,1,1,0.874891996383667
656,0,1,0.4681794047355652
657,1,1,0.861020565032959
658,1,1,0.8459161520004272
659,1,1,0.6200290322303772
660,0,1,0.43497276306152344
661,1,1,0.9896870255470276
662,1,1,0.879907488822937
663,1,1,0.9382680654525757
664,1,1,0.6335119605064392
665,1,1,0.9729482531547546
666,1,1,0.8672382831573486
667,1,1,0.8998087048530579
668,1,1,0.9909191131591797
669,1,1,0.6312369108200073
670,1,1,0.8786401152610779
671,0,1,0.33563336730003357
672,1,1,0.8847069144248962
673,1,1,0.6710501909255981
674,1,1,0.5779200792312622
675,1,1,0.7969404458999634
676,1,1,0.8416622877120972
677,1,1,0.8123633861541748
678,0,1,0.11624769866466522
679,1,1,0.543956458568573
680,1,1,0.9870245456695557
681,1,1,0.785756528377533
682,1,1,0.917946457862854
683,1,1,0.9295644164085388
684,1,1,0.5095763802528381
685,1,1,0.9382227063179016
686,1,1,0.9507784247398376
687,1,1,0.8103258013725281
688,1,1,0.9504252076148987
689,1,1,0.8279982209205627
690,1,1,0.9357340931892395
691,1,1,0.921181857585907
692,1,1,0.8346529603004456
693,0,1,0.3860592842102051
694,1,1,0.954784095287323
695,1,1,0.9673352241516113
696,1,1,0.9442558288574219
697,1,1,0.8686607480049133
698,1,1,0.9010269641876221
699,1,1,0.9539899230003357
700,1,1,0.9766184091567993
701,1,1,0.6673805117607117
702,1,1,0.9288821220397949
703,1,1,0.6760982275009155
704,0,1,0.35279226303100586
705,1,1,0.5968317985534668
706,1,1,0.8545774221420288
707,1,1,0.8737826347351074
708,1,1,0.9543213844299316
709,1,1,0.9752084016799927
710,1,1,0.9848690032958984
711,1,1,0.7185119986534119
712,1,1,0.9579090476036072
713,1,1,0.8041945695877075
714,1,1,0.9258924722671509
715,1,1,0.8862112164497375
716,1,1,0.936747133731842
717,1,1,0.5895287394523621
718,1,1,0.6685865521430969
719,1,1,0.7873831391334534
720,0,1,0.473659485578537
721,1,1,0.8517102003097534
722,0,1,0.27586403489112854
723,0,1,0.4324739873409271
724,1,1,0.6875710487365723
725,1,1,0.5363558530807495
726,1,1,0.9906741976737976
727,1,1,0.905851423740387
728,1,1,0.8604065775871277
729,1,1,0.9807779788970947
730,1,1,0.9547895193099976
731,1,1,0.8592360615730286
732,1,1,0.8961833715438843
733,1,1,0.8294058442115784
734,1,1,0.7992607951164246
735,1,1,0.9287434816360474
736,1,1,0.9466525316238403
737,1,1,0.5995429158210754
738,0,1,0.21748317778110504
739,1,1,0.9390746355056763
740,1,1,0.8009667992591858
741,1,1,0.6408007144927979
742,1,1,0.9697288274765015
743,1,1,0.947051465511322
744,1,1,0.921014130115509
745,1,1,0.7439442276954651
746,1,1,0.5205536484718323
747,1,1,0.8442580699920654
748,1,1,0.9388626217842102
749,0,1,0.08871319890022278
750,1,1,0.9650549292564392
751,1,1,0.9879693984985352
752,0,1,0.11744657903909683
753,1,1,0.8768437504768372
754,1,1,0.810987651348114
755,1,1,0.5728843212127686
756,1,1,0.926760196685791
757,1,1,0.901896595954895
758,0,1,0.05644870921969414
759,0,1,0.16276589035987854
760,1,1,0.9913621544837952
761,1,1,0.9475011825561523
762,1,1,0.7406190633773804
763,1,1,0.7373698949813843
764,0,1,0.15049563348293304
765,0,1,0.20865778625011444
766,1,1,0.9056368470191956
767,1,1,0.9758578538894653
768,1,1,0.9857628345489502
769,1,1,0.9341402053833008
770,1,1,0.796040415763855
771,1,1,0.5326412916183472
772,1,1,0.737945020198822
773,1,1,0.8633342385292053
774,1,1,0.796683132648468
775,1,1,0.8362157940864563
776,1,1,0.9340314865112305
777,0,1,0.20690017938613892
778,1,1,0.8016722798347473
779,0,1,0.2596006393432617
780,0,1,0.46613121032714844
781,1,1,0.523892343044281
782,1,1,0.8146728277206421
783,1,1,0.8000234961509705
784,1,1,0.969068169593811
785,1,1,0.9875124096870422
786,1,1,0.9851625561714172
787,1,1,0.9523797035217285
788,0,1,0.37661439180374146
789,1,1,0.9609081745147705
790,1,1,0.7691575884819031
791,1,1,0.936672568321228
792,1,1,0.861474335193634
793,1,1,0.9535253643989563
794,1,1,0.9801841378211975
795,1,1,0.7914226055145264
796,1,1,0.9150770902633667
797,1,1,0.9324988722801208
798,0,1,0.39740073680877686
799,1,1,0.8446667194366455
800,1,1,0.9907756447792053
801,1,1,0.9427399039268494
802,1,1,0.9748831391334534
803,0,1,0.46751928329467773
804,1,1,0.8962429165840149
805,1,1,0.8588928580284119
806,1,1,0.9288786053657532
807,1,1,0.9528651237487793
808,0,1,0.26129528880119324
809,1,1,0.9957017302513123
810,1,1,0.632328987121582
811,1,1,0.871112048625946
812,1,1,0.5588785409927368
813,1,1,0.8633778691291809
814,1,1,0.9753668904304504
815,1,1,0.8681384921073914
816,1,1,0.5548804402351379
817,1,1,0.9262763857841492
818,1,1,0.9851899743080139
819,1,1,0.6511685252189636
820,1,1,0.9955315589904785
821,1,1,0.5938427448272705
822,0,1,0.43333005905151367
823,1,1,0.8603675961494446
824,1,1,0.6359809637069702
825,1,1,0.9369136095046997
826,1,1,0.9635045528411865
827,1,1,0.9967862367630005
828,1,1,0.9349881410598755
829,1,1,0.8260024189949036
830,1,1,0.9248439073562622
831,0,1,0.4735732674598694
832,1,1,0.9437999129295349
833,1,1,0.837061882019043
834,0,1,0.11490845680236816
835,1,1,0.9128681421279907
836,1,1,0.973448634147644
837,1,1,0.8774756789207458
838,1,1,0.843635082244873
839,0,1,0.13448351621627808
840,1,1,0.9414244890213013
841,1,1,0.7857075929641724
842,1,1,0.7812985777854919
843,0,1,0.3875684142112732
844,1,1,0.9707733392715454
845,1,1,0.7547860741615295
846,1,1,0.9693330526351929
847,1,1,0.9669568538665771
848,1,1,0.9699974656105042
849,0,1,0.17960871756076813
850,1,1,0.5084445476531982
851,1,1,0.5659719109535217
852,1,1,0.9343305826187134
853,1,1,0.9821804761886597
854,0,1,0.4303068220615387
855,1,1,0.9106003642082214
856,1,1,0.9074592590332031
857,1,1,0.9556130170822144
858,1,1,0.9599785208702087
859,1,1,0.9213501811027527
860,0,1,0.4531465768814087
861,1,1,0.6702063679695129
862,1,1,0.7692866921424866
863,1,1,0.7266236543655396
864,1,1,0.9206358194351196
865,1,1,0.9945823550224304
866,1,1,0.8095132112503052
867,1,1,0.9911361932754517
868,1,1,0.809287965297699
869,0,1,0.1912061721086502
870,1,1,0.9508419036865234
871,1,1,0.8603296279907227
872,0,1,0.3004910945892334
873,1,1,0.9289565682411194
874,1,1,0.9293220043182373
875,0,1,0.2444736808538437
876,1,1,0.966343104839325
877,1,1,0.6079010367393494
878,1,1,0.93321293592453
879,0,1,0.42084816098213196
880,1,1,0.9497977495193481
881,1,1,0.974418044090271
882,0,1,0.3560681641101837
883,0,1,0.4676828384399414
884,1,1,0.92545485496521
885,0,1,0.13370172679424286
886,1,1,0.5241957306861877
887,1,1,0.92232745885849
888,1,1,0.8341818451881409
889,1,1,0.7290713787078857
890,1,1,0.9150693416595459
891,1,1,0.8880922198295593
892,1,1,0.9969479441642761
893,1,1,0.7873386144638062
894,1,1,0.9380783438682556
895,1,1,0.7158495187759399
896,1,1,0.7547434568405151
897,1,1,0.9475217461585999
898,1,1,0.8195590972900391
899,0,1,0.23100382089614868
900,1,1,0.899931788444519
901,0,1,0.4025038182735443
902,1,1,0.9962389469146729
903,0,1,0.2011575549840927
904,1,1,0.8602144122123718
905,1,1,0.9407624006271362
906,0,1,0.3314376473426819
907,1,1,0.9722238779067993
908,1,1,0.9632030725479126
909,1,1,0.9499937295913696
910,1,1,0.9198946952819824
911,1,1,0.6623656749725342
912,1,1,0.7622874975204468
913,1,1,0.8516000509262085
914,1,1,0.5243768692016602
915,1,1,0.6871580481529236
916,1,1,0.933332622051239
917,1,1,0.9203052520751953
918,1,1,0.9849079847335815
919,1,1,0.7891883850097656
920,1,1,0.8695257306098938
921,1,1,0.9770547151565552
922,1,1,0.9343940019607544
923,0,1,0.11677398532629013
924,1,1,0.8003156781196594
925,1,1,0.8830931782722473
926,1,1,0.9586634635925293
927,1,1,0.9571771621704102
928,1,1,0.9356220960617065
929,1,1,0.9540114998817444
930,0,1,0.2793733477592468
931,0,1,0.25036942958831787
932,1,1,0.5833645462989807
933,1,1,0.9260900616645813
934,0,1,0.4958767890930176
935,1,1,0.9644631147384644
936,1,1,0.5565979480743408
937,1,1,0.9715250730514526
938,0,1,0.1066143810749054
939,1,1,0.9595467448234558
940,0,1,0.32410889863967896
941,1,1,0.9947826266288757
942,1,1,0.7853170037269592
943,1,1,0.9846113324165344
944,1,1,0.9470410346984863
945,1,1,0.79209303855896
946,1,1,0.9876199960708618
947,1,1,0.878696858882904
948,1,1,0.9434618353843689
949,1,1,0.703164279460907
950,1,1,0.9385820627212524
951,1,1,0.9613566994667053
952,1,1,0.9812508821487427
953,0,1,0.25420716404914856
954,1,1,0.9424341320991516
955,1,1,0.9586228728294373
956,1,1,0.9770948886871338
957,1,1,0.9937781095504761
958,1,1,0.8031441569328308
959,1,1,0.6717653274536133
960,0,1,0.27686572074890137
961,1,1,0.8516203761100769
962,1,1,0.9816361665725708
963,1,1,0.9673380851745605
964,1,1,0.9473540782928467
965,0,1,0.2957117259502411
966,1,1,0.9858338236808777
967,0,1,0.48414745926856995
968,1,1,0.7634766697883606
969,1,1,0.6773880124092102
970,1,1,0.978261411190033
971,1,1,0.9258635640144348
972,1,1,0.9803128838539124
973,1,1,0.9773741960525513
974,1,1,0.6750990748405457
975,1,1,0.9046509265899658
976,1,1,0.9083863496780396
977,1,1,0.9669404625892639
978,1,1,0.7919620871543884
979,1,1,0.9680524468421936
980,1,1,0.8141483664512634
981,1,1,0.515580415725708
982,1,1,0.9975195527076721
983,1,1,0.6624334454536438
984,1,1,0.9633002281188965
985,0,1,0.4533155560493469
986,1,1,0.5484446287155151
987,1,1,0.9491409063339233
988,1,1,0.9488852620124817
989,0,1,0.173552468419075
990,1,1,0.9507871866226196
991,1,1,0.6758773922920227
992,1,1,0.9242737889289856
993,1,1,0.8751800656318665
994,1,1,0.9644581079483032
995,1,1,0.9884844422340393
996,1,1,0.5556691884994507
997,1,1,0.9155489206314087
998,1,1,0.9128124713897705
999,1,1,0.8386428952217102
1000,1,1,0.8922302722930908
1001,1,1,0.9283477663993835
1002,1,1,0.7428357601165771
1003,1,1,0.840870201587677
1004,1,1,0.9622714519500732
1005,1,1,0.9560235738754272
1006,1,1,0.9466429352760315
1007,1,1,0.9416986107826233
1008,1,1,0.69731605052948
1009,1,1,0.9913909435272217
1010,1,1,0.922828733921051
1011,1,1,0.9847609996795654
1012,1,1,0.9715312719345093
1013,1,1,0.9123662114143372
1014,1,1,0.6592326760292053
1015,1,1,0.8399158120155334
1016,1,1,0.9555176496505737
1017,0,1,0.204015851020813
1018,1,1,0.9240355491638184
1019,0,1,0.31797340512275696
1020,1,1,0.5012732744216919
1021,1,1,0.9367680549621582
1022,1,1,0.8209813237190247
1023,0,1,0.2904747724533081
1024,1,1,0.9202866554260254
1025,1,1,0.9481659531593323
1026,1,1,0.5384013056755066
1027,0,1,0.36199700832366943
1028,1,1,0.9249054193496704
1029,1,1,0.9619035720825195
1030,1,1,0.9650635123252869
1031,1,1,0.8574519157409668
1032,1,1,0.8730397820472717
1033,1,1,0.9701391458511353
1034,0,1,0.17063921689987183
1035,1,1,0.6000086665153503
1036,1,1,0.537155270576477
1037,1,1,0.9758594632148743
1038,1,1,0.8371160626411438
1039,1,1,0.9790391325950623
1040,1,1,0.5836804509162903
1041,1,1,0.9902642965316772
1042,1,1,0.6255098581314087
1043,1,1,0.7845553159713745
1044,1,1,0.9435927867889404
1045,1,1,0.8879662156105042
1046,0,1,0.2028249353170395
1047,1,1,0.8735859990119934
1048,1,1,0.695091724395752
1049,1,1,0.8699999451637268
1050,1,1,0.5588287115097046
1051,0,1,0.37977921962738037
1052,1,1,0.9681800007820129
1053,1,1,0.8542907238006592
1054,1,1,0.9408231973648071
1055,1,1,0.6834847331047058
1056,1,1,0.8991550803184509
1057,1,1,0.9335874319076538
1058,1,1,0.8486770391464233
1059,1,1,0.9629855155944824
1060,0,1,0.3517341613769531
1061,1,1,0.7432776689529419
1062,0,1,0.45557260513305664
1063,1,1,0.8894703388214111
1064,1,1,0.7953157424926758
1065,1,1,0.9978481531143188
1066,0,1,0.08454138040542603
1067,1,1,0.8706045150756836
1068,1,1,0.8852668404579163
1069,1,1,0.88661128282547
1070,1,1,0.9855056405067444
1071,1,1,0.9900525212287903
1072,1,1,0.8875502347946167
1073,1,1,0.9181613922119141
1074,1,1,0.7979728579521179
1075,1,1,0.9211762547492981
1076,0,1,0.18198063969612122
1077,1,1,0.7854180335998535
1078,1,1,0.8705938458442688
1079,1,1,0.9969133138656616
1080,1,1,0.8730626702308655
1081,1,1,0.8174458146095276
1082,1,1,0.6923863291740417
1083,1,1,0.662947416305542
1084,1,1,0.962170422077179
1085,1,1,0.8854472041130066
1086,1,1,0.9702016711235046
1087,0,1,0.4118497967720032
1088,1,1,0.9733461737632751
1089,1,1,0.6629143357276917
1090,0,1,0.4954622685909271
1091,1,1,0.9762189984321594
1092,0,1,0.3171175718307495
1093,1,1,0.8252980709075928
1094,1,1,0.8126243948936462
1095,1,1,0.983401894569397
1096,0,1,0.34815558791160583
1097,1,1,0.7817050218582153
1098,1,1,0.7389618754386902
1099,1,1,0.905668318271637
1100,1,1,0.8539038300514221
1101,1,1,0.5199230909347534
1102,1,1,0.8311222195625305
1103,1,1,0.9320463538169861
1104,0,1,0.028027445077896118
1105,1,1,0.8447852730751038
1106,1,1,0.9942429661750793
1107,1,1,0.9308671355247498
1108,1,1,0.8987194895744324
1109,1,1,0.9919102787971497
1110,1,1,0.9624425768852234
1111,1,1,0.6683189868927002
1112,1,1,0.8941234350204468
1113,0,1,0.45730260014533997
1114,1,1,0.9469207525253296
1115,1,1,0.852091372013092
1116,1,1,0.5929545164108276
1117,1,1,0.9884122014045715
1118,1,1,0.9808480739593506
1119,1,1,0.8896180391311646
1120,0,1,0.27934110164642334
1121,1,1,0.7635977864265442
1122,1,1,0.9031044244766235
1123,1,1,0.7416492700576782
1124,1,1,0.8593908548355103
1125,1,1,0.907625138759613
1126,1,1,0.9647460579872131
1127,1,1,0.9020759463310242
1128,0,1,0.42332226037979126
1129,1,1,0.9473320245742798
1130,1,1,0.9513717293739319
1131,1,1,0.9555391073226929
1132,1,1,0.7171197533607483
1133,1,1,0.5138424038887024
1134,1,1,0.9035530090332031
1135,1,1,0.9920501112937927
1136,1,1,0.9949683547019958
1137,1,1,0.9300082325935364
1138,0,1,0.1660386621952057
1139,1,1,0.9485200643539429
1140,1,1,0.8375718593597412
1141,1,1,0.9553829431533813
1142,0,1,0.21446353197097778
1143,1,1,0.9624230265617371
1144,1,1,0.9543623328208923
1145,1,1,0.95195072889328
1146,0,1,0.1691361963748932
1147,1,1,0.8426873683929443
1148,1,1,0.9934315085411072
1149,1,1,0.7441871762275696
1150,0,1,0.359708309173584
1151,1,1,0.8783615827560425
1152,0,1,0.4203200042247772
1153,1,1,0.7240931987762451
1154,1,1,0.9945909976959229
1155,1,1,0.7825722098350525
1156,1,1,0.9427074790000916
1157,1,1,0.9578321576118469
1158,0,1,0.3546072840690613
1159,0,1,0.19966377317905426
1160,1,1,0.9899016618728638
1161,1,1,0.7883424162864685
1162,1,1,0.9057978987693787
1163,0,1,0.13828012347221375
1164,1,1,0.965824544429779
1165,1,1,0.9681077599525452
1166,1,1,0.5122674703598022
1167,1,1,0.9824342131614685
1168,1,1,0.9754446148872375
1169,0,1,0.0778152197599411
1170,0,1,0.44602102041244507
1171,1,1,0.8809415102005005
1172,1,1,0.9917969703674316
1173,1,1,0.9902589321136475
1174,1,1,0.6858417987823486
1175,1,1,0.9481002688407898
1176,1,1,0.7078165411949158
1177,1,1,0.8647223114967346
1178,1,1,0.9976097345352173
1179,0,1,0.3259214758872986
1180,1,1,0.7981202006340027
1181,1,1,0.9440219402313232
1182,0,1,0.3509690463542938
1183,1,1,0.8404431939125061
1184,0,1,0.24651895463466644
1185,0,1,0.41743072867393494
1186,1,1,0.9308937191963196
1187,0,1,0.39364492893218994
1188,1,1,0.5431452393531799
1189,1,1,0.985699474811554
1190,1,1,0.9805896282196045
1191,1,1,0.9598862528800964
1192,0,1,0.30378130078315735
1193,0,1,0.4365159869194031
1194,0,1,0.21900655329227448
1195,1,1,0.973604679107666
1196,1,1,0.9574931263923645
1197,1,1,0.904674232006073
1198,1,1,0.9309203624725342
1199,1,1,0.9227851629257202
1200,1,1,0.9495659470558167
1201,1,1,0.961858868598938
1202,1,1,0.7317471504211426
1203,1,1,0.844060480594635
1204,1,1,0.9960745573043823
1205,1,1,0.9921903014183044
1206,1,1,0.916084349155426
1207,1,1,0.9905785918235779
1208,1,1,0.6933261156082153
1209,1,1,0.7598648071289062
1210,1,1,0.9716380834579468
1211,1,1,0.9438178539276123
1212,1,1,0.9759811758995056
1213,1,1,0.7578359246253967
1214,1,1,0.9781506061553955
1215,0,1,0.06544625014066696
1216,1,1,0.9366016387939453
1217,1,1,0.7514894604682922
1218,1,1,0.5338500738143921
1219,0,1,0.3716368079185486
1220,1,1,0.6891772747039795
1221,1,1,0.9354872703552246
1222,1,1,0.8812516331672668
1223,1,1,0.7199423313140869
1224,1,1,0.6306278705596924
1225,0,1,0.4172675311565399
1226,1,1,0.917881190776825
1227,1,1,0.9883849620819092
1228,1,1,0.969525158405304
1229,1,1,0.9144818782806396
1230,1,1,0.9932274222373962
1231,1,1,0.9742419719696045
1232,1,1,0.541113018989563
1233,1,1,0.858751118183136
1234,1,1,0.9821810722351074
1235,1,1,0.9846469163894653
1236,0,1,0.31019964814186096
1237,0,1,0.15327520668506622
1238,1,1,0.9800942540168762
1239,1,1,0.8974803686141968
1240,0,1,0.4134998321533203
1241,1,1,0.8095837235450745
1242,1,1,0.9901465773582458
1243,0,1,0.2149936407804489
1244,1,1,0.8226606249809265
1245,1,1,0.8582096695899963
1246,1,1,0.6050050258636475
1247,1,1,0.927954375743866
1248,1,1,0.9599781632423401
1249,1,1,0.7483037114143372
1250,1,1,0.9132764935493469
1251,1,1,0.9722239971160889
1252,1,1,0.5687790513038635
1253,0,1,0.09734445065259933
1254,1,1,0.9736495018005371
1255,1,1,0.8854590654373169
1256,1,1,0.9232853651046753
1257,1,1,0.9468866586685181
1258,1,1,0.923315167427063
1259,1,1,0.8774657845497131
1260,1,1,0.9059540629386902
1261,1,1,0.8948391675949097
1262,0,1,0.45277076959609985
1263,1,1,0.9459177851676941
1264,1,1,0.8967424035072327
1265,0,1,0.1287321001291275
1266,0,1,0.29668402671813965
1267,1,1,0.9847065806388855
1268,1,1,0.8378336429595947
1269,0,1,0.2293379306793213
1270,1,1,0.6743820309638977
1271,1,1,0.8730902075767517
1272,1,1,0.9673389792442322
1273,1,1,0.9862601161003113
1274,1,1,0.8789370059967041
1275,1,1,0.8440771102905273
1276,1,1,0.8986054062843323
1277,1,1,0.533994197845459
1278,0,1,0.2980039119720459
1279,1,1,0.6891315579414368
1280,1,1,0.950170636177063
1281,1,1,0.5059043765068054
1282,1,1,0.6333312392234802
1283,1,1,0.700120210647583
1284,1,1,0.6861876249313354
1285,1,1,0.9232994914054871
1286,1,1,0.8572918772697449
1287,1,1,0.8635674715042114
1288,1,1,0.9350716471672058
1289,1,1,0.9117887616157532
1290,1,1,0.5233042240142822
1291,1,1,0.9891696572303772
1292,1,1,0.9948350191116333
1293,1,1,0.9370070695877075
1294,1,1,0.9975293278694153
1295,1,1,0.9690514206886292
1296,1,1,0.7247498035430908
1297,1,1,0.7822927236557007
1298,1,1,0.8913441896438599
1299,1,1,0.7799132466316223
1300,1,1,0.6755398511886597
1301,1,1,0.8860262036323547
1302,1,1,0.8595090508460999
1303,1,1,0.8765673041343689
1304,1,1,0.9675220847129822
1305,0,1,0.11981762200593948
1306,1,1,0.9430063366889954
1307,0,1,0.2150753289461136
1308,1,1,0.6482725143432617
1309,1,1,0.91715008020401
1310,1,1,0.5869625210762024
1311,1,1,0.741605818271637
1312,0,1,0.0703335702419281
1313,1,1,0.9478176236152649
1314,1,1,0.98625248670578
1315,1,1,0.786806046962738
1316,1,1,0.9340458512306213
1317,1,1,0.9627733826637268
1318,1,1,0.9933138489723206
1319,1,1,0.8521183729171753
1320,1,1,0.5558448433876038
1321,1,1,0.7549656629562378
1322,1,1,0.9111603498458862
1323,1,1,0.9896842241287231
1324,1,1,0.9794066548347473
1325,1,1,0.9677966833114624
1326,0,1,0.29934531450271606
1327,1,1,0.9779676198959351
1328,1,1,0.981564462184906
1329,1,1,0.9902102947235107
1330,1,1,0.9779249429702759
1331,1,1,0.868705153465271
1332,1,1,0.9227843284606934
1333,1,1,0.9515092968940735
1334,1,1,0.9085903763771057
1335,1,1,0.9284258484840393
1336,1,1,0.9736012816429138
1337,1,1,0.8667125105857849
1338,1,1,0.9542147517204285
1339,1,1,0.9701837301254272
1340,1,1,0.9487407207489014
1341,1,1,0.5686374306678772
1342,1,1,0.963782548904419
1343,1,1,0.8598542213439941
1344,1,1,0.9951003193855286
1345,1,1,0.9966300129890442
1346,1,1,0.980424165725708
1347,1,1,0.9478115439414978
1348,0,1,0.08485313504934311
1349,1,1,0.8737192153930664
1350,1,1,0.9603365659713745
1351,1,1,0.9408448934555054
1352,1,1,0.8586055636405945
1353,1,1,0.5169972777366638
1354,0,1,0.4160968065261841
1355,1,1,0.5270989537239075
1356,1,1,0.8091899752616882
1357,0,1,0.12429720908403397
1358,1,1,0.9923406839370728
1359,1,1,0.9547398686408997
1360,1,1,0.8283631205558777
1361,0,1,0.2751024663448334
1362,1,1,0.7089744210243225
1363,0,1,0.20824050903320312
1364,1,1,0.9982384443283081
1365,0,1,0.36257079243659973
1366,1,1,0.8876526951789856
1367,1,1,0.9535884857177734
1368,1,1,0.9859835505485535
1369,0,1,0.49272072315216064
1370,0,1,0.22682404518127441
1371,1,1,0.9414223432540894
1372,1,1,0.8890504837036133
1373,1,1,0.8650702834129333
1374,1,1,0.9816386699676514
1375,0,1,0.082126185297966
1376,1,1,0.8201029896736145
1377,1,1,0.875666081905365
1378,0,1,0.21944104135036469
1379,1,1,0.9518226385116577
1380,1,1,0.9925697445869446
1381,1,1,0.8831827044487
1382,0,1,0.19134849309921265
1383,1,1,0.7861976027488708
1384,1,1,0.8484914898872375
1385,1,1,0.8895002007484436
1386,1,1,0.5840133428573608
1387,0,1,0.26583632826805115
1388,1,1,0.996297299861908
1389,1,1,0.9270033240318298
1390,1,1,0.928813636302948
1391,0,1,0.22571982443332672
1392,1,1,0.9477386474609375
1393,0,1,0.41976267099380493
1394,1,1,0.8953315019607544
1395,1,1,0.944150984287262
1396,1,1,0.9025217890739441
1397,1,1,0.6492552757263184
1398,1,1,0.5716258883476257
1399,1,1,0.9539227485656738
1400,1,1,0.9864400029182434
1401,1,1,0.8951391577720642
1402,1,1,0.6402627825737
1403,0,1,0.4255402982234955
1404,1,1,0.7694307565689087
1405,1,1,0.6895580887794495
1406,1,1,0.6762274503707886
1407,0,1,0.285863995552063
1408,0,1,0.482634961605072
1409,1,1,0.8933246731758118
1410,1,1,0.6982120871543884
1411,1,1,0.9443424344062805
1412,1,1,0.9391816258430481
1413,0,1,0.14981575310230255
1414,1,1,0.9963749051094055
1415,1,1,0.7883380055427551
1416,1,1,0.8925955891609192
1417,1,1,0.8817949295043945
1418,1,1,0.7985048294067383
1419,1,1,0.9207044243812561
1420,1,1,0.8264973759651184
1421,1,1,0.9618455171585083
1422,1,1,0.597256064414978
1423,1,1,0.8879530429840088
1424,1,1,0.9598858952522278
1425,1,1,0.8283002972602844
1426,1,1,0.7271855473518372
1427,1,1,0.861076295375824
1428,0,1,0.2965806722640991
1429,1,1,0.9230648875236511
1430,1,1,0.9361317157745361
1431,0,1,0.4560309052467346
1432,1,1,0.9340025186538696
1433,1,1,0.9415527582168579
1434,1,1,0.8689600825309753
1435,1,1,0.751009464263916
1436,1,1,0.7814863920211792
1437,1,1,0.5428836941719055
1438,1,1,0.8227002620697021
1439,0,1,0.4102603495121002
1440,0,1,0.364803284406662
1441,1,1,0.970964252948761
1442,0,1,0.47502538561820984
1443,1,1,0.8912686705589294
1444,1,1,0.9734878540039062
1445,1,1,0.929671585559845
1446,1,1,0.9196140170097351
1447,1,1,0.9075079560279846
1448,1,1,0.9966155886650085
1449,1,1,0.9938574433326721
1450,1,1,0.8443810939788818
1451,1,1,0.9701944589614868
1452,1,1,0.6813715696334839
1453,1,1,0.5811126232147217
1454,1,1,0.9831385612487793
1455,0,1,0.4011302888393402
1456,1,1,0.6649359464645386
1457,1,1,0.8210041522979736
1458,1,1,0.9391224384307861
1459,1,1,0.7883925437927246
1460,0,1,0.2654087543487549
1461,1,1,0.9723116159439087
1462,0,1,0.07811781764030457
1463,1,1,0.6763480305671692
1464,0,1,0.09753810614347458
1465,1,1,0.5631182193756104
1466,1,1,0.8787280917167664
1467,1,1,0.9354639053344727
1468,1,1,0.8680745363235474
1469,1,1,0.654699981212616
1470,1,1,0.7853380441665649
1471,1,1,0.9374246001243591
1472,1,1,0.9683318138122559
1473,1,1,0.6873819231987
1474,1,1,0.9936176538467407
1475,1,1,0.9092319011688232
1476,1,1,0.8126291036605835
1477,1,1,0.6881283521652222
1478,1,1,0.5088851451873779
1479,1,1,0.9760817885398865
1480,1,1,0.9582099914550781
1481,0,1,0.2796482741832733
1482,1,1,0.8164486289024353
1483,1,1,0.6200717687606812
1484,1,1,0.7119361758232117
1485,1,1,0.7344907522201538
1486,1,1,0.9543806314468384
1487,1,1,0.8545708656311035
1488,1,1,0.9590537548065186
1489,1,1,0.7610577344894409
1490,0,1,0.2775523364543915
1491,1,1,0.9268456101417542
1492,1,1,0.9662306904792786
1493,1,1,0.9680482149124146
1494,1,1,0.8107786178588867
1495,1,1,0.9840600490570068
1496,1,1,0.6325556039810181
1497,1,1,0.875340461730957
1498,1,1,0.9804378747940063
1499,1,1,0.9884296655654907
1500,1,1,0.9637659192085266
1501,1,1,0.9458933472633362
1502,1,1,0.8311381936073303
1503,1,1,0.9827845692634583
1504,1,1,0.9545976519584656
1505,1,1,0.8058525323867798
1506,1,1,0.86860191822052
1507,0,0,0.06582093238830566
1508,0,0,0.031102851033210754
1509,0,0,0.17785100638866425
1510,0,0,0.08478733897209167
1511,0,0,0.3059343993663788
1512,0,0,0.4789385199546814
1513,0,0,0.13926222920417786
1514,0,0,0.05619572848081589
1515,0,0,0.017900846898555756
1516,0,0,0.08442898839712143
1517,0,0,0.29969295859336853
1518,0,0,0.05477963015437126
1519,0,0,0.07662452012300491
1520,1,0,0.9432757496833801
1521,0,0,0.052001215517520905
1522,0,0,0.20231957733631134
1523,0,0,0.13221287727355957
1524,1,0,0.8930099010467529
1525,0,0,0.32341432571411133
1526,0,0,0.05026543140411377
1527,0,0,0.19529835879802704
1528,0,0,0.3997591733932495
1529,0,0,0.22343593835830688
1530,0,0,0.3477630317211151
1531,0,0,0.3820582628250122
1532,0,0,0.31237322092056274
1533,0,0,0.2050606906414032
1534,0,0,0.3507648706436157
1535,0,0,0.11726856976747513
1536,0,0,0.2168761044740677
1537,0,0,0.17335999011993408
1538,0,0,0.18090789020061493
1539,0,0,0.04449796304106712
1540,0,0,0.3612995445728302
1541,0,0,0.09390924125909805
1542,0,0,0.025640366598963737
1543,1,0,0.67049241065979
1544,0,0,0.1261802762746811
1545,0,0,0.4663751721382141
1546,0,0,0.03265276551246643
1547,0,0,0.0990186482667923
1548,0,0,0.07655175775289536
1549,0,0,0.032859962433576584
1550,0,0,0.25518420338630676
1551,0,0,0.11400240659713745
1552,0,0,0.04132614657282829
1553,0,0,0.1564008891582489
1554,0,0,0.02672852948307991
1555,0,0,0.04025818780064583
1556,0,0,0.07284457236528397
1557,0,0,0.12698976695537567
1558,0,0,0.02394147403538227
1559,0,0,0.022382918745279312
1560,1,0,0.6733924150466919
1561,0,0,0.030183173716068268
1562,0,0,0.15594539046287537
1563,0,0,0.14001059532165527
1564,0,0,0.18472027778625488
1565,1,0,0.9510574340820312
1566,0,0,0.0839000716805458
1567,0,0,0.046645067632198334
1568,0,0,0.12133583426475525
1569,0,0,0.06808542460203171
1570,1,0,0.9021317362785339
1571,0,0,0.29448214173316956
1572,0,0,0.0981200784444809
1573,0,0,0.05416887626051903
1574,0,0,0.045458193868398666
1575,0,0,0.1844821274280548
1576,0,0,0.07573871314525604
1577,0,0,0.11825832724571228
1578,0,0,0.06336811184883118
1579,0,0,0.040267545729875565
1580,1,0,0.8543302416801453
1581,0,0,0.29650166630744934
1582,1,0,0.7702770829200745
1583,0,0,0.08860154449939728
1584,0,0,0.01755550317466259
1585,0,0,0.2634122669696808
1586,0,0,0.014758668839931488
1587,0,0,0.015365182422101498
1588,0,0,0.17443345487117767
1589,0,0,0.27882999181747437
1590,0,0,0.09263307601213455
1591,0,0,0.08196081966161728
1592,0,0,0.09915979951620102
1593,0,0,0.1553814858198166
1594,0,0,0.13367027044296265
1595,0,0,0.03622114658355713
1596,0,0,0.12253601849079132
1597,0,0,0.1607922464609146
1598,0,0,0.056805968284606934
1599,0,0,0.013008350506424904
1600,1,0,0.7472419738769531
1601,0,0,0.2071688026189804
1602,0,0,0.340620756149292
1603,0,0,0.08512211591005325
1604,0,0,0.2633381485939026
1605,0,0,0.14085207879543304
1606,0,0,0.05242446810007095
1607,0,0,0.41275012493133545
1608,0,0,0.2311512976884842
1609,0,0,0.04457682743668556
1610,0,0,0.16896037757396698
1611,0,0,0.029964208602905273
1612,0,0,0.4346279501914978
1613,0,0,0.03606899455189705
1614,0,0,0.04503655061125755
1615,0,0,0.1035769134759903
1616,0,0,0.15073621273040771
1617,0,0,0.05769512429833412
1618,0,0,0.08719855546951294
1619,0,0,0.10107541084289551
1620,1,0,0.8905845284461975
1621,0,0,0.047345057129859924
1622,0,0,0.02372012846171856
1623,0,0,0.32615897059440613
1624,0,0,0.21310016512870789
1625,0,0,0.05461835861206055
1626,0,0,0.04385102540254593
1627,0,0,0.055269304662942886
1628,0,0,0.016427669674158096
1629,0,0,0.02539721131324768
1630,1,0,0.6025016903877258
1631,0,0,0.01265932247042656
1632,0,0,0.03898458555340767
1633,0,0,0.03393986076116562
1634,0,0,0.11047513782978058
1635,0,0,0.06323276460170746
1636,0,0,0.34005385637283325
1637,0,0,0.09174766391515732
1638,0,0,0.059424880892038345
1639,0,0,0.024073747918009758
1640,0,0,0.1514434516429901
1641,0,0,0.27701592445373535
1642,0,0,0.0497521311044693
1643,0,0,0.07060204446315765
1644,0,0,0.06093301251530647
1645,0,0,0.09338314831256866
1646,0,0,0.06556843966245651
1647,0,0,0.14147469401359558
1648,0,0,0.04869686812162399
1649,0,0,0.010385834611952305
1650,0,0,0.2165326029062271
1651,0,0,0.0822407677769661
1652,0,0,0.04890153557062149
1653,0,0,0.06754928827285767
1654,0,0,0.04426051303744316
1655,0,0,0.04967978224158287
1656,0,0,0.09836283326148987
1657,0,0,0.2149614691734314
1658,0,0,0.07618929445743561
1659,0,0,0.2766152322292328
1660,0,0,0.053853921592235565
1661,0,0,0.1632763296365738
1662,0,0,0.13571594655513763
1663,0,0,0.08280829340219498
1664,0,0,0.012171264737844467
1665,0,0,0.03472919762134552
1666,0,0,0.051472410559654236
1667,0,0,0.20037396252155304
1668,1,0,0.7575398087501526
1669,0,0,0.21939317882061005
1670,0,0,0.14778703451156616
1671,1,0,0.9029474258422852
1672,0,0,0.12256371974945068
1673,0,0,0.08465853333473206
1674,0,0,0.272520512342453
1675,0,0,0.2380557358264923
1676,1,0,0.7778082489967346
1677,0,0,0.08391527086496353
1678,0,0,0.14465655386447906
1679,0,0,0.04810545966029167
1680,0,0,0.05202532187104225
1681,0,0,0.4017901122570038
1682,0,0,0.4156539738178253
1683,1,0,0.5179871320724487
1684,0,0,0.044310227036476135
1685,0,0,0.10592285543680191
1686,0,0,0.17505382001399994
1687,0,0,0.1065484806895256
1688,0,0,0.054128244519233704
1689,1,0,0.7772170901298523
1690,0,0,0.23739482462406158
1691,0,0,0.2989094853401184
1692,0,0,0.09028070420026779
1693,0,0,0.1432076096534729
1694,0,0,0.15396077930927277
1695,0,0,0.014389497227966785
1696,0,0,0.14867176115512848
1697,0,0,0.08046594262123108
1698,0,0,0.03875644877552986
1699,0,0,0.1141219511628151
1700,0,0,0.1091894879937172
1701,0,0,0.023749589920043945
1702,0,0,0.1873752325773239
1703,1,0,0.852861225605011
1704,0,0,0.06386559456586838
1705,0,0,0.0295261163264513
1706,0,0,0.14801806211471558
1707,1,0,0.8969941139221191
1708,0,0,0.2593696713447571
1709,1,0,0.8977689743041992
1710,0,0,0.10147600620985031
1711,0,0,0.06557293981313705
1712,0,0,0.04622509703040123
1713,0,0,0.021142182871699333
1714,0,0,0.047106433659791946
1715,0,0,0.0831288993358612
1716,0,0,0.13793562352657318
1717,0,0,0.172038272023201
1718,1,0,0.9828295111656189
1719,0,0,0.06035954877734184
1720,0,0,0.0637848749756813
1721,0,0,0.11341757327318192
1722,0,0,0.03491818159818649
1723,0,0,0.15802164375782013
1724,0,0,0.02901279181241989
1725,0,0,0.06279055029153824
1726,0,0,0.11683381348848343
1727,0,0,0.10408874601125717
1728,0,0,0.17785434424877167
1729,1,0,0.6189660429954529
1730,0,0,0.06808002293109894
1731,0,0,0.08426271378993988
1732,1,0,0.7289436459541321
1733,0,0,0.047089558094739914
1734,0,0,0.012181250378489494
1735,0,0,0.23303648829460144
1736,0,0,0.16903604567050934
1737,0,0,0.27514830231666565
1738,0,0,0.030190667137503624
1739,0,0,0.16092054545879364
1740,0,0,0.05909087508916855
1741,0,0,0.12819382548332214
1742,0,0,0.04612582176923752
1743,0,0,0.04490496218204498
1744,0,0,0.07735508680343628
1745,0,0,0.21356357634067535
1746,0,0,0.08623532205820084
1747,0,0,0.02665649726986885
1748,0,0,0.012306621298193932
1749,0,0,0.28472912311553955
1750,0,0,0.06801629811525345
1751,0,0,0.02730371244251728
1752,1,0,0.6746456027030945
1753,0,0,0.03316560760140419
1754,0,0,0.14192253351211548
1755,0,0,0.08699794113636017
1756,0,0,0.08365543186664581
1757,0,0,0.07042451202869415
1758,0,0,0.4739777445793152
1759,0,0,0.028870774433016777
1760,0,0,0.11683658510446548
1761,0,0,0.045299723744392395
1762,0,0,0.4315687119960785
1763,0,0,0.11110500991344452
1764,0,0,0.032001644372940063
1765,0,0,0.046546924859285355
1766,0,0,0.0755549967288971
1767,0,0,0.12473268061876297
1768,0,0,0.05075157806277275
1769,0,0,0.1584274023771286
1770,0,0,0.129691019654274
1771,0,0,0.09892234206199646
1772,1,0,0.8628775477409363
1773,0,0,0.051959142088890076
1774,0,0,0.107976533472538
1775,1,0,0.5794424414634705
1776,0,0,0.4299721419811249
1777,0,0,0.048133667558431625
1778,0,0,0.38884517550468445
1779,0,0,0.16600920259952545
1780,0,0,0.03123549371957779
1781,0,0,0.3392198383808136
1782,0,0,0.1192401871085167
1783,0,0,0.017561549320816994
1784,0,0,0.1903279572725296
1785,0,0,0.08236522227525711
1786,1,0,0.8713222742080688
1787,0,0,0.046247269958257675
1788,0,0,0.021534450352191925
1789,0,0,0.06532499939203262
1790,0,0,0.20135106146335602
1791,0,0,0.08763951063156128
1792,0,0,0.05559185892343521
1793,0,0,0.07096925377845764
1794,0,0,0.05236508324742317
1795,0,0,0.03495935723185539
1796,0,0,0.09109114110469818
1797,0,0,0.11029735207557678
1798,0,0,0.031396977603435516
1799,0,0,0.14588738977909088
1800,0,0,0.045390281826257706
1801,0,0,0.11426359415054321
1802,0,0,0.3162653148174286
1803,0,0,0.05921335890889168
1804,0,0,0.09501946717500687
1805,0,0,0.032189857214689255
1806,0,0,0.023195460438728333
1807,1,0,0.6002169251441956
1808,0,0,0.045686885714530945
1809,0,0,0.42290928959846497
1810,0,0,0.12365802377462387
1811,0,0,0.027695341035723686
1812,0,0,0.3741239905357361
1813,0,0,0.026763252913951874
1814,1,0,0.7461273074150085
1815,0,0,0.09494148194789886
1816,0,0,0.11025990545749664
1817,0,0,0.1583280861377716
1818,0,0,0.17710651457309723
1819,0,0,0.041055236011743546
1820,0,0,0.0642198845744133
1821,0,0,0.08637334406375885
1822,0,0,0.0904199481010437
1823,0,0,0.24761681258678436
1824,0,0,0.02839907817542553
1825,0,0,0.06668088585138321
1826,0,0,0.02672465145587921
1827,0,0,0.08270498365163803
1828,0,0,0.1023319736123085
1829,1,0,0.9274921417236328
1830,1,0,0.6040746569633484
1831,0,0,0.18386051058769226
1832,0,0,0.06223833188414574
1833,1,0,0.9780319929122925
1834,0,0,0.10175535082817078
1835,0,0,0.10240434110164642
1836,0,0,0.2343708723783493
1837,0,0,0.040462005883455276
1838,0,0,0.11800622195005417
1839,0,0,0.17433097958564758
1840,0,0,0.1508202701807022
1841,0,0,0.026416026055812836
1842,0,0,0.032210130244493484
1843,0,0,0.04797211289405823
1844,0,0,0.11324561387300491
1845,0,0,0.3075684905052185
1846,0,0,0.07736464589834213
1847,0,0,0.09210791438817978
1848,0,0,0.2385013848543167
1849,0,0,0.108668752014637
1850,1,0,0.9786018133163452
1851,0,0,0.041977658867836
1852,0,0,0.02650344930589199
1853,0,0,0.05428009852766991
1854,0,0,0.022300075739622116
1855,0,0,0.08243947476148605
1856,0,0,0.26227039098739624
1857,0,0,0.08008180558681488
1858,0,0,0.04947034642100334
1859,0,0,0.11769390851259232
1860,0,0,0.14900335669517517
1861,0,0,0.08232949674129486
1862,0,0,0.07553280144929886
1863,0,0,0.11008654534816742
1864,0,0,0.1457548886537552
1865,0,0,0.10940836369991302
1866,0,0,0.14154450595378876
1867,0,0,0.07122605293989182
1868,0,0,0.09584511071443558
1869,0,0,0.047432128340005875
1870,0,0,0.009658725000917912
1871,0,0,0.38239696621894836
1872,0,0,0.040455032140016556
1873,0,0,0.02180428057909012
1874,0,0,0.033347245305776596
1875,0,0,0.03726039081811905
1876,0,0,0.14420050382614136
1877,0,0,0.12089505791664124
1878,0,0,0.04809762164950371
1879,0,0,0.11398527026176453
1880,0,0,0.07198681682348251
1881,0,0,0.1789301186800003
1882,0,0,0.05239251255989075
1883,0,0,0.13168220221996307
1884,0,0,0.03649573773145676
1885,0,0,0.0894012302160263
1886,0,0,0.09652073681354523
1887,0,0,0.17964710295200348
1888,0,0,0.14645154774188995
1889,0,0,0.2763589024543762
1890,0,0,0.06189007684588432
1891,0,0,0.09571361541748047
1892,0,0,0.08551611751317978
1893,0,0,0.03509983420372009
1894,0,0,0.35262584686279297
1895,0,0,0.08186862617731094
1896,0,0,0.05717992037534714
1897,0,0,0.4199668765068054
1898,0,0,0.16069678962230682
1899,0,0,0.19295093417167664
1900,0,0,0.14600564539432526
1901,1,0,0.6365327835083008
1902,1,0,0.5253904461860657
1903,0,0,0.457491010427475
1904,0,0,0.0364159531891346
1905,0,0,0.094464510679245
1906,1,0,0.600006639957428
1907,0,0,0.3988451361656189
1908,0,0,0.18261711299419403
1909,0,0,0.31121909618377686
1910,0,0,0.062637098133564
1911,0,0,0.09427414834499359
1912,0,0,0.06317362189292908
1913,0,0,0.09860562533140182
1914,0,0,0.1801401972770691
1915,0,0,0.15342190861701965
1916,0,0,0.08391279727220535
1917,0,0,0.13425537943840027
1918,0,0,0.37231987714767456
1919,0,0,0.4515480101108551
1920,0,0,0.07387112081050873
1921,0,0,0.12491634488105774
1922,0,0,0.008630548603832722
1923,0,0,0.08395998179912567
1924,0,0,0.023692559450864792
1925,1,0,0.8393765687942505
1926,0,0,0.07624580711126328
1927,0,0,0.013791939243674278
1928,0,0,0.08857689052820206
1929,0,0,0.01599971577525139
1930,0,0,0.0775766670703888
1931,0,0,0.050505343824625015
1932,0,0,0.023363878950476646
1933,0,0,0.06071633845567703
1934,0,0,0.06406521797180176
1935,0,0,0.0641581192612648
1936,0,0,0.03921238332986832
1937,0,0,0.027064720168709755
1938,0,0,0.04196451976895332
1939,0,0,0.06206511706113815
1940,0,0,0.10195383429527283
1941,0,0,0.37225648760795593
1942,0,0,0.23571808636188507
1943,0,0,0.10843472927808762
1944,0,0,0.13508927822113037
1945,0,0,0.01895463652908802
1946,0,0,0.07102756202220917
1947,0,0,0.1225963905453682
1948,0,0,0.055643100291490555
1949,0,0,0.04041352868080139
1950,0,0,0.043075282126665115
1951,0,0,0.032450344413518906
1952,0,0,0.037232156842947006
1953,1,0,0.5637717843055725
1954,0,0,0.1080920398235321
1955,0,0,0.18535970151424408
1956,0,0,0.4245210886001587
1957,0,0,0.24378979206085205
1958,0,0,0.2897680103778839
1959,0,0,0.11153186857700348
1960,0,0,0.3722175061702728
1961,0,0,0.10518629848957062
1962,1,0,0.6292784810066223
1963,0,0,0.1853807270526886
1964,0,0,0.1577814817428589
1965,0,0,0.03241660073399544
1966,1,0,0.7900369167327881
1967,0,0,0.4148433208465576
1968,0,0,0.1176767498254776
1969,0,0,0.05305074527859688
1970,0,0,0.1264658272266388
1971,0,0,0.09945324063301086
1972,0,0,0.09572802484035492
1973,0,0,0.1530921757221222
1974,0,0,0.08411070704460144
1975,0,0,0.12988384068012238
1976,0,0,0.14066295325756073
1977,0,0,0.10596027225255966
1978,0,0,0.06571287661790848
1979,0,0,0.1437031775712967
1980,0,0,0.17529739439487457
1981,0,0,0.2509867548942566
1982,0,0,0.17190232872962952
1983,0,0,0.040433406829833984
1984,0,0,0.1397775411605835
1985,0,0,0.06348366290330887
1986,0,0,0.4292457103729248
1987,0,0,0.13721099495887756
1988,0,0,0.09384890645742416
1989,0,0,0.14055171608924866
1990,0,0,0.0551995225250721
1991,0,0,0.152094304561615
1992,0,0,0.05119558051228523
1993,1,0,0.6233857274055481
1994,0,0,0.04399069771170616
1995,0,0,0.043166451156139374
1996,0,0,0.10365268588066101
1997,0,0,0.10718012601137161
1998,1,0,0.8301028609275818
1999,0,0,0.05392521247267723
2000,1,0,0.6330126523971558
2001,0,0,0.09063372761011124
2002,0,0,0.09727022051811218
2003,1,0,0.9199467301368713
2004,0,0,0.015429405495524406
2005,0,0,0.06743767857551575
2006,0,0,0.055926691740751266
2007,0,0,0.05758379399776459
2008,1,0,0.6804829835891724
2009,0,0,0.4140285551548004
2010,0,0,0.36786094307899475
2011,0,0,0.37197548151016235
2012,0,0,0.038100335747003555
2013,0,0,0.4203038215637207
2014,1,0,0.7027385234832764
2015,0,0,0.12516790628433228
2016,0,0,0.049039412289857864
2017,0,0,0.0503741055727005
2018,0,0,0.02421746216714382
2019,0,0,0.02722608670592308
2020,0,0,0.02088177390396595
2021,0,0,0.22682736814022064
2022,0,0,0.045754335820674896
2023,0,0,0.03556942194700241
2024,0,0,0.050704747438430786
2025,0,0,0.4411647319793701
2026,0,0,0.31004324555397034
2027,0,0,0.12068939208984375
2028,0,0,0.08825521171092987
2029,0,0,0.027142249047756195
2030,0,0,0.16577349603176117
2031,0,0,0.05998943746089935
2032,1,0,0.7083990573883057
2033,0,0,0.04997909814119339
2034,0,0,0.062323275953531265
2035,0,0,0.031919367611408234
2036,1,0,0.6746337413787842
2037,0,0,0.02067623659968376
2038,0,0,0.1601373553276062
2039,0,0,0.3508235812187195
2040,0,0,0.01918426901102066
2041,0,0,0.09101616591215134
2042,1,0,0.6694738864898682
2043,0,0,0.08047744631767273
2044,0,0,0.07516758143901825
2045,0,0,0.013726018369197845
2046,0,0,0.11693228781223297
2047,0,0,0.21823255717754364
2048,0,0,0.03786514326930046
2049,0,0,0.07126028835773468
2050,0,0,0.04021715000271797
2051,0,0,0.13330614566802979
2052,0,0,0.19207802414894104
2053,0,0,0.09413186460733414
2054,0,0,0.06771177053451538
2055,0,0,0.08654613792896271
2056,0,0,0.04131683334708214
2057,0,0,0.07914317399263382
2058,0,0,0.0440501943230629
2059,0,0,0.0278281569480896
2060,0,0,0.06522097438573837
2061,0,0,0.27341416478157043
2062,0,0,0.07500536739826202
2063,0,0,0.09412145614624023
2064,0,0,0.0621647946536541
2065,1,0,0.9053013324737549
2066,0,0,0.13812188804149628
2067,0,0,0.1942121982574463
2068,0,0,0.19022978842258453
2069,0,0,0.056245092302560806
2070,0,0,0.0213164035230875
2071,0,0,0.08599656075239182
2072,0,0,0.06651508808135986
2073,0,0,0.19173240661621094
2074,0,0,0.24928376078605652
2075,0,0,0.029728485271334648
2076,0,0,0.05523582920432091
2077,0,0,0.12155409902334213
2078,0,0,0.0759047418832779
2079,0,0,0.04599647596478462
2080,1,0,0.5142318606376648
2081,0,0,0.028510136529803276
2082,0,0,0.081333227455616
2083,0,0,0.05285852402448654
2084,0,0,0.11307277530431747
2085,0,0,0.2943200469017029
2086,0,0,0.43122369050979614
2087,0,0,0.09563513100147247
2088,1,0,0.810454785823822
2089,0,0,0.15112102031707764
2090,0,0,0.05436323583126068
2091,0,0,0.03457144647836685
2092,0,0,0.07197116315364838
2093,0,0,0.12213069200515747
2094,0,0,0.10199698060750961
2095,0,0,0.05159670114517212
2096,0,0,0.23962900042533875
2097,1,0,0.9021900296211243
2098,0,0,0.26913976669311523
2099,0,0,0.1489521861076355
2100,0,0,0.24984101951122284
2101,1,0,0.8983519077301025
2102,0,0,0.12347710877656937
2103,0,0,0.09280107915401459
2104,0,0,0.09365758299827576
2105,0,0,0.3663489818572998
2106,0,0,0.13526196777820587
2107,0,0,0.042227815836668015
2108,1,0,0.5265690684318542
2109,0,0,0.0339898020029068
2110,0,0,0.01911844313144684
2111,0,0,0.09502428770065308
2112,0,0,0.49886709451675415
2113,0,0,0.059655871242284775
2114,0,0,0.03735427185893059
2115,1,0,0.710993766784668
2116,0,0,0.05037727206945419
2117,0,0,0.143063023686409
2118,0,0,0.02972572110593319
2119,0,0,0.13870637118816376
2120,0,0,0.12813490629196167
2121,0,0,0.15675432980060577
2122,0,0,0.21272633969783783
2123,0,0,0.10326466709375381
2124,0,0,0.1936580240726471
2125,0,0,0.08368683606386185
2126,0,0,0.11567189544439316
2127,0,0,0.30726197361946106
2128,0,0,0.20325356721878052
2129,1,0,0.9858384728431702
2130,0,0,0.058064378798007965
2131,0,0,0.0590631365776062
2132,0,0,0.044032689183950424
2133,0,0,0.13366460800170898
2134,1,0,0.5177044868469238
2135,0,0,0.17229071259498596
2136,0,0,0.48885050415992737
2137,0,0,0.09562650322914124
2138,1,0,0.5489073395729065
2139,0,0,0.06957659870386124
2140,0,0,0.04536041244864464
2141,0,0,0.07922381907701492
2142,0,0,0.2041766494512558
2143,0,0,0.13256798684597015
2144,0,0,0.11087606102228165
2145,0,0,0.04257143661379814
2146,0,0,0.032045066356658936
2147,0,0,0.040212664753198624
2148,0,0,0.19036252796649933
2149,0,0,0.16327090561389923
2150,0,0,0.19170108437538147
2151,0,0,0.05402620509266853
2152,0,0,0.07906296849250793
2153,0,0,0.04328962415456772
2154,0,0,0.15119732916355133
2155,0,0,0.05224345624446869
2156,0,0,0.37936627864837646
2157,0,0,0.279788076877594
2158,0,0,0.040890153497457504
2159,1,0,0.5963367223739624
2160,0,0,0.0661296546459198
2161,0,0,0.12005212903022766
2162,0,0,0.03476797416806221
2163,0,0,0.0999794453382492
2164,0,0,0.2843784987926483
2165,0,0,0.057920798659324646
2166,0,0,0.06830982118844986
2167,0,0,0.052152346819639206
2168,0,0,0.12446457892656326
2169,1,0,0.55009925365448
2170,0,0,0.04565178230404854
2171,0,0,0.06693059951066971
2172,0,0,0.03507740795612335
2173,0,0,0.01812143251299858
2174,0,0,0.21931734681129456
2175,0,0,0.41462162137031555
2176,0,0,0.03275350481271744
2177,0,0,0.07654628157615662
2178,0,0,0.042222242802381516
2179,0,0,0.12407443672418594
2180,0,0,0.24964681267738342
2181,0,0,0.024222375825047493
2182,0,0,0.16959305107593536
2183,0,0,0.28684407472610474
2184,0,0,0.06618452072143555
2185,0,0,0.11290674656629562
2186,0,0,0.13200411200523376
2187,0,0,0.04258228838443756
2188,0,0,0.1741786152124405
2189,0,0,0.014559811912477016
2190,0,0,0.310564786195755
2191,0,0,0.01134411059319973
2192,0,0,0.14965489506721497
2193,0,0,0.029631059616804123
2194,0,0,0.036401234567165375
2195,0,0,0.0820670947432518
2196,0,0,0.483252614736557
2197,0,0,0.30766311287879944
2198,0,0,0.08453609049320221
2199,0,0,0.03590893745422363
2200,0,0,0.09665242582559586
2201,0,0,0.24017705023288727
2202,0,0,0.26475241780281067
2203,0,0,0.0348353274166584
2204,0,0,0.01210012286901474
2205,0,0,0.024371817708015442
2206,1,0,0.9155765771865845
2207,0,0,0.03545481339097023
2208,0,0,0.1749463528394699
2209,0,0,0.11623144149780273
2210,0,0,0.1597011834383011
2211,0,0,0.06949929893016815
2212,0,0,0.03334563970565796
2213,0,0,0.122121162712574
2214,0,0,0.03792310133576393
2215,0,0,0.059984371066093445
2216,0,0,0.20479167997837067
2217,0,0,0.014984319917857647
2218,0,0,0.12255194038152695
2219,0,0,0.0857914611697197
2220,0,0,0.03654361143708229
2221,0,0,0.1780032366514206
2222,0,0,0.15066242218017578
2223,0,0,0.06891458481550217
2224,0,0,0.03961016982793808
2225,0,0,0.04257982224225998
2226,0,0,0.0744878500699997
2227,0,0,0.06654882431030273
2228,0,0,0.027620237320661545
2229,0,0,0.045626167207956314
2230,0,0,0.13428641855716705
2231,0,0,0.019753344357013702
2232,0,0,0.12791405618190765
2233,0,0,0.10976409912109375
2234,0,0,0.32621631026268005
2235,0,0,0.07736268639564514
2236,0,0,0.051392897963523865
2237,0,0,0.13771331310272217
2238,0,0,0.19306506216526031
2239,0,0,0.08744587004184723
2240,0,0,0.11749732494354248
2241,0,0,0.12046098709106445
2242,0,0,0.0958762913942337
2243,0,0,0.10335054248571396
2244,0,0,0.06782517582178116
2245,0,0,0.4167579710483551
2246,0,0,0.3205530643463135
2247,0,0,0.05652283877134323
2248,0,0,0.08501779288053513
2249,0,0,0.07068465650081635
2250,0,0,0.26788732409477234
2251,0,0,0.10765115916728973
2252,0,0,0.209053173661232
2253,0,0,0.13303112983703613
2254,0,0,0.07051297277212143
2255,0,0,0.018501922488212585
2256,0,0,0.08163929730653763
2257,0,0,0.2225690484046936
2258,0,0,0.28918349742889404
2259,0,0,0.09832299500703812
2260,0,0,0.05473242700099945
2261,0,0,0.0453515388071537
2262,0,0,0.1514524519443512
2263,0,0,0.06211712211370468
2264,0,0,0.02699781209230423
2265,0,0,0.12168382108211517
2266,0,0,0.031514111906290054
2267,0,0,0.02596299536526203
2268,0,0,0.04457491636276245
2269,0,0,0.10686912387609482
2270,0,0,0.301520973443985
2271,0,0,0.07333166152238846
2272,0,0,0.04085652530193329
2273,0,0,0.27887803316116333
2274,0,0,0.3196106553077698
2275,0,0,0.04465103894472122
2276,0,0,0.07493358850479126
2277,0,0,0.20149435102939606
2278,0,0,0.3779047727584839
2279,0,0,0.04811520129442215
2280,0,0,0.3639742136001587
2281,0,0,0.1036033034324646
2282,1,0,0.7610447406768799
2283,0,0,0.07533552497625351
2284,0,0,0.20476411283016205
2285,0,0,0.07458319514989853
2286,0,0,0.09323771297931671
2287,0,0,0.18434348702430725
2288,0,0,0.3016372621059418
2289,0,0,0.03689046949148178
2290,0,0,0.05913834646344185
2291,0,0,0.1359618604183197
2292,0,0,0.03622933477163315
2293,0,0,0.07976130396127701
2294,0,0,0.14400330185890198
2295,0,0,0.1846368908882141
2296,0,0,0.15167763829231262
2297,0,0,0.047677576541900635
2298,0,0,0.03172444552183151
2299,0,0,0.05970100313425064
2300,0,0,0.05570026487112045
2301,0,0,0.01571311615407467
2302,0,0,0.09531304985284805
2303,0,0,0.14029188454151154
2304,0,0,0.05560820549726486
2305,0,0,0.055796004831790924
2306,0,0,0.05092886835336685
2307,0,0,0.059066545218229294
2308,0,0,0.051868509501218796
2309,0,0,0.08072908222675323
2310,0,0,0.18204015493392944
2311,0,0,0.24017705023288727
2312,0,0,0.11446227878332138
2313,0,0,0.2661467492580414
2314,0,0,0.09309042990207672
2315,0,0,0.17495834827423096
2316,0,0,0.03247251361608505
2317,0,0,0.06570801883935928
2318,0,0,0.24314692616462708
2319,0,0,0.09263940900564194
2320,0,0,0.06279531121253967
2321,0,0,0.04960581287741661
2322,0,0,0.050196319818496704
2323,0,0,0.14060808718204498
2324,1,0,0.9364808797836304
2325,0,0,0.06147146224975586
2326,0,0,0.20788806676864624
2327,0,0,0.10728224366903305
2328,0,0,0.08937080204486847
2329,0,0,0.0839165523648262
2330,0,0,0.21737943589687347
2331,0,0,0.2470240294933319
2332,0,0,0.11261724680662155
2333,0,0,0.0339280404150486
2334,0,0,0.411878764629364
2335,0,0,0.019726820290088654
2336,0,0,0.05251944437623024
2337,0,0,0.08979453891515732
2338,1,0,0.8471768498420715
2339,0,0,0.07224496454000473
2340,0,0,0.024951428174972534
2341,0,0,0.21723194420337677
2342,0,0,0.06583233922719955
2343,0,0,0.058296091854572296
2344,0,0,0.39282697439193726
2345,0,0,0.3286093771457672
2346,0,0,0.043509550392627716
2347,0,0,0.0423501618206501
2348,0,0,0.43929168581962585
2349,0,0,0.0702853873372078
2350,0,0,0.06560210138559341
2351,0,0,0.01686353050172329
2352,0,0,0.0313677079975605
2353,1,0,0.5384891033172607
2354,0,0,0.024314669892191887
2355,0,0,0.03579012304544449
2356,0,0,0.0678609311580658
2357,0,0,0.06790009140968323
2358,0,0,0.025819605216383934
2359,0,0,0.11773902922868729
2360,0,0,0.11743322014808655
2361,0,0,0.022450976073741913
2362,0,0,0.09941264986991882
2363,0,0,0.05190000310540199
2364,0,0,0.04782862216234207
2365,0,0,0.12377738207578659
2366,0,0,0.03050181455910206
2367,0,0,0.09083201736211777
2368,0,0,0.03930581733584404
2369,0,0,0.029709618538618088
2370,0,0,0.07206067442893982
2371,0,0,0.29106780886650085
2372,0,0,0.11597416549921036
2373,0,0,0.11047681421041489
2374,0,0,0.026827197521924973
2375,0,0,0.02980225533246994
2376,0,0,0.37748637795448303
2377,0,0,0.17009757459163666
2378,0,0,0.12390036880970001
2379,0,0,0.1407833993434906
2380,0,0,0.03769049793481827
2381,0,0,0.014026815071702003
2382,0,0,0.0347258485853672
2383,1,0,0.5651895403862
2384,0,0,0.04395953565835953
2385,0,0,0.01895046792924404
2386,0,0,0.04043066129088402
2387,0,0,0.03569365665316582
2388,0,0,0.11712926626205444
2389,0,0,0.3037935793399811
2390,0,0,0.3481479585170746
2391,0,0,0.04014658182859421
2392,0,0,0.0726470798254013
2393,0,0,0.08793564140796661
2394,0,0,0.4289662837982178
2395,0,0,0.15303698182106018
2396,0,0,0.2382383793592453
2397,0,0,0.04508993774652481
2398,0,0,0.02558896504342556
2399,0,0,0.12630979716777802
2400,0,0,0.042851198464632034
2401,0,0,0.11979804188013077
2402,0,0,0.23842301964759827
2403,0,0,0.02808515541255474
2404,0,0,0.02569469064474106
2405,0,0,0.09191759675741196
2406,0,0,0.3887668550014496
2407,0,0,0.034777961671352386
2408,0,0,0.07269180566072464
2409,0,0,0.14845915138721466
2410,0,0,0.21775972843170166
2411,0,0,0.3818586766719818
2412,0,0,0.09313931316137314
2413,0,0,0.1370471715927124
2414,0,0,0.08047204464673996
2415,0,0,0.16557541489601135
2416,0,0,0.14749376475811005
2417,0,0,0.2996445894241333
2418,0,0,0.09997162967920303
2419,0,0,0.04708011448383331
2420,0,0,0.06451751291751862
2421,0,0,0.28069159388542175
2422,0,0,0.08878674358129501
2423,0,0,0.20372258126735687
2424,0,0,0.025401361286640167
2425,0,0,0.1960860639810562
2426,0,0,0.41423115134239197
2427,0,0,0.03123103454709053
2428,0,0,0.03319809213280678
2429,0,0,0.10788116604089737
2430,0,0,0.23832443356513977
2431,0,0,0.10105817019939423
2432,0,0,0.052953895181417465
2433,0,0,0.1275518834590912
2434,0,0,0.05937076732516289
2435,0,0,0.03985007479786873
2436,0,0,0.09753749519586563
2437,0,0,0.29607489705085754
2438,0,0,0.023674145340919495
2439,0,0,0.08450543880462646
2440,0,0,0.0983835980296135
2441,1,0,0.7383164167404175
2442,1,0,0.649565577507019
2443,0,0,0.21317541599273682
2444,0,0,0.28805968165397644
2445,0,0,0.03955329582095146
2446,0,0,0.09468262642621994
2447,0,0,0.15146315097808838
2448,0,0,0.09391845762729645
2449,0,0,0.03909723088145256
2450,0,0,0.027341410517692566
2451,0,0,0.04913077875971794
2452,0,0,0.1790601909160614
2453,0,0,0.2272728979587555
2454,0,0,0.06310524791479111
2455,0,0,0.30432596802711487
2456,0,0,0.09373607486486435
2457,0,0,0.01327820960432291
2458,0,0,0.07492920756340027
2459,0,0,0.2749100625514984
2460,0,0,0.16243280470371246
2461,0,0,0.10407837480306625
2462,0,0,0.02251020260155201
2463,0,0,0.07848428189754486
2464,0,0,0.15523159503936768
2465,1,0,0.5957040786743164
2466,1,0,0.722873866558075
2467,0,0,0.0772409439086914
2468,0,0,0.08567675948143005
2469,0,0,0.0632912740111351
2470,0,0,0.09495122730731964
2471,0,0,0.150222048163414
2472,0,0,0.17215293645858765
2473,0,0,0.0858173817396164
2474,0,0,0.026006465777754784
2475,0,0,0.045361507683992386
2476,0,0,0.023448988795280457
2477,0,0,0.11289223283529282
2478,0,0,0.045357029885053635
2479,0,0,0.13871003687381744
2480,0,0,0.05783214420080185
2481,0,0,0.066146120429039
2482,0,0,0.08466355502605438
2483,0,0,0.11520186066627502
2484,0,0,0.11508496850728989
2485,1,0,0.851453959941864
2486,0,0,0.14571347832679749
2487,0,0,0.0999937504529953
2488,0,0,0.09854109585285187
2489,0,0,0.20130206644535065
2490,0,0,0.35922858119010925
2491,0,0,0.29022032022476196
2492,0,0,0.09093170613050461
2493,0,0,0.2075430154800415
2494,0,0,0.13683487474918365
2495,0,0,0.18745218217372894
2496,0,0,0.06930848956108093
2497,0,0,0.07544583827257156
2498,0,0,0.06992786377668381
2499,0,0,0.0496872216463089
2500,1,0,0.9167218208312988
2501,0,0,0.4894879162311554
2502,0,0,0.07149520516395569
2503,0,0,0.09844943135976791
2504,0,0,0.07871843874454498
2505,0,0,0.07929301261901855
2506,0,0,0.07304930686950684
2507,0,0,0.05637528374791145
2508,0,0,0.1503760814666748
2509,0,0,0.11620520055294037
2510,0,0,0.32824671268463135
2511,0,0,0.27875444293022156
2512,0,0,0.033483605831861496
2513,0,0,0.19500963389873505
2514,0,0,0.34267503023147583
2515,0,0,0.07651980221271515
2516,0,0,0.22129584848880768
2517,0,0,0.17605552077293396
2518,0,0,0.07923533022403717
2519,0,0,0.07387518137693405
2520,0,0,0.12139099091291428
2521,0,0,0.10957259684801102
2522,0,0,0.03476295992732048
2523,0,0,0.05533282086253166
2524,0,0,0.023010604083538055
2525,1,0,0.8225389122962952
2526,0,0,0.12939409911632538
2527,0,0,0.054925546050071716
2528,0,0,0.013406685553491116
2529,0,0,0.12577839195728302
2530,0,0,0.3467687964439392
2531,0,0,0.051566965878009796
2532,0,0,0.1921728253364563
2533,0,0,0.3981970250606537
2534,0,0,0.03881319239735603
2535,0,0,0.07876138389110565
2536,0,0,0.04434853047132492
2537,0,0,0.07433686405420303
2538,0,0,0.07569532841444016
2539,0,0,0.248247891664505
2540,0,0,0.22735491394996643
2541,0,0,0.07305514812469482
2542,0,0,0.09865027666091919
2543,1,0,0.5709306001663208
2544,0,0,0.03168325871229172
2545,0,0,0.04401198774576187
2546,0,0,0.05784083530306816
2547,0,0,0.10657689720392227
2548,0,0,0.060932207852602005
2549,0,0,0.14857931435108185
2550,0,0,0.10054858773946762
2551,0,0,0.022731030359864235
2552,0,0,0.1342272013425827
2553,0,0,0.1745050996541977
2554,0,0,0.20222461223602295
2555,0,0,0.03635711222887039
2556,0,0,0.14158165454864502
2557,0,0,0.34784144163131714
2558,0,0,0.08881363272666931
2559,0,0,0.07733532786369324
2560,0,0,0.041232891380786896
2561,0,0,0.016586588695645332
2562,0,0,0.1503831446170807
2563,0,0,0.0626736581325531
2564,0,0,0.09823708236217499
2565,0,0,0.030762799084186554
2566,0,0,0.3266175091266632
2567,0,0,0.07651779055595398
2568,1,0,0.5631688237190247
2569,0,0,0.07168935239315033
2570,0,0,0.16240504384040833
2571,0,0,0.3757288157939911
2572,0,0,0.3155764043331146
2573,0,0,0.11367172747850418
2574,0,0,0.07184582948684692
2575,0,0,0.24892602860927582
2576,0,0,0.10352302342653275
2577,0,0,0.11383575946092606
2578,0,0,0.04224651679396629
2579,0,0,0.06949672102928162
2580,0,0,0.06631525605916977
2581,0,0,0.19394360482692719
2582,0,0,0.05246128514409065
2583,0,0,0.04966023191809654
2584,0,0,0.020854981616139412
2585,0,0,0.05563929304480553
2586,0,0,0.46436381340026855
2587,0,0,0.07345795631408691
2588,0,0,0.20001281797885895
2589,0,0,0.33632707595825195
2590,0,0,0.01923435367643833
2591,0,0,0.14631105959415436
2592,0,0,0.19181305170059204
2593,0,0,0.09521330893039703
2594,0,0,0.2298388034105301
2595,0,0,0.26754963397979736
2596,1,0,0.5277957320213318
2597,0,0,0.05185612291097641
2598,0,0,0.3882518410682678
2599,0,0,0.1019032895565033
2600,0,0,0.07918554544448853
2601,0,0,0.10008078068494797
2602,0,0,0.042285189032554626
2603,0,0,0.09030506759881973
2604,0,0,0.07123454660177231
2605,0,0,0.09166920185089111
2606,0,0,0.12371861189603806
2607,0,0,0.05080888420343399
2608,0,0,0.052541907876729965
2609,0,0,0.27369892597198486
2610,0,0,0.029587799683213234
2611,0,0,0.30406811833381653
2612,0,0,0.04080602899193764
2613,1,0,0.9871618151664734
2614,0,0,0.12108886986970901
2615,0,0,0.02378227561712265
2616,0,0,0.12347793579101562
2617,0,0,0.09136197715997696
2618,0,0,0.2592027485370636
2619,1,0,0.5290815234184265
2620,0,0,0.40515297651290894
2621,0,0,0.4031819999217987
2622,0,0,0.189328134059906
2623,0,0,0.2504751980304718
2624,0,0,0.0721607431769371
2625,0,0,0.06589652597904205
2626,0,0,0.18399426341056824
2627,0,0,0.055632852017879486
2628,0,0,0.35941627621650696
2629,0,0,0.030685771256685257
2630,0,0,0.025556620210409164
2631,0,0,0.11148141324520111
2632,0,0,0.2012578547000885
2633,0,0,0.377314954996109
2634,1,0,0.7976414561271667
2635,0,0,0.13643290102481842
2636,0,0,0.09011541306972504
2637,0,0,0.07532565295696259
2638,0,0,0.07350071519613266
2639,0,0,0.08631128817796707
2640,0,0,0.09083154797554016
2641,0,0,0.07572422921657562
2642,0,0,0.2891159653663635
2643,0,0,0.017892658710479736
2644,0,0,0.4785706698894501
2645,0,0,0.03002217225730419
2646,0,0,0.15675684809684753
2647,0,0,0.3650898337364197
2648,0,0,0.04453429952263832
2649,0,0,0.46635353565216064
2650,0,0,0.06798705458641052
2651,0,0,0.05532257631421089
2652,0,0,0.1777123361825943
2653,0,0,0.16752158105373383
2654,0,0,0.17362049221992493
2655,0,0,0.12789225578308105
2656,0,0,0.4008508026599884
2657,1,0,0.6035691499710083
2658,0,0,0.2154584676027298
2659,0,0,0.04780201613903046
2660,0,0,0.036607686430215836
2661,1,0,0.7274047136306763
2662,0,0,0.10118301957845688
2663,0,0,0.15318436920642853
2664,0,0,0.030846936628222466
2665,0,0,0.10928931087255478
2666,0,0,0.20228615403175354
2667,0,0,0.16219237446784973
2668,0,0,0.11110381036996841
2669,0,0,0.07645148783922195
2670,0,0,0.05523077771067619
2671,0,0,0.049928534775972366
2672,0,0,0.10450737178325653
2673,0,0,0.22508452832698822
2674,0,0,0.1418195217847824
2675,0,0,0.051028504967689514
2676,1,0,0.522639274597168
2677,0,0,0.06732677668333054
2678,0,0,0.1332651972770691
2679,0,0,0.02857470139861107
2680,0,0,0.054304324090480804
2681,0,0,0.081333227455616
2682,0,0,0.05932468920946121
2683,0,0,0.0481862910091877
2684,0,0,0.4324018359184265
2685,0,0,0.01713680289685726
2686,0,0,0.08850943297147751
2687,0,0,0.02641577273607254
2688,0,0,0.05231194198131561
2689,0,0,0.07056199014186859
2690,0,0,0.035761963576078415
2691,0,0,0.03764544054865837
2692,1,0,0.6560684442520142
2693,0,0,0.06419637799263
2694,0,0,0.04927904158830643
2695,0,0,0.04681461676955223
2696,0,0,0.01115967333316803
2697,0,0,0.02286788634955883
2698,0,0,0.13181757926940918
2699,0,0,0.036398835480213165
2700,0,0,0.10728998482227325
2701,0,0,0.11236904561519623
2702,0,0,0.07776422053575516
2703,0,0,0.037403374910354614
2704,0,0,0.11124570667743683
2705,0,0,0.04847705364227295
2706,0,0,0.04605487361550331
2707,0,0,0.15194334089756012
2708,0,0,0.2542972266674042
2709,0,0,0.09287592023611069
2710,0,0,0.11224459856748581
2711,0,0,0.08055780827999115
2712,0,0,0.038591183722019196
2713,0,0,0.10174993425607681
2714,0,0,0.04569917544722557
2715,0,0,0.05888831987977028
2716,0,0,0.14161080121994019
2717,0,0,0.10350485146045685
2718,0,0,0.3721236288547516
2719,0,0,0.09356919676065445
2720,0,0,0.37003350257873535
2721,0,0,0.10155163705348969
2722,0,0,0.017358526587486267
2723,0,0,0.12822124361991882
2724,0,0,0.07555447518825531
2725,0,0,0.020492857322096825
2726,0,0,0.05516115203499794
2727,0,0,0.04278576746582985
2728,0,0,0.020743990316987038
2729,0,0,0.11830475926399231
2730,0,0,0.05368148535490036
2731,0,0,0.07753605395555496
2732,0,0,0.09277517348527908
2733,0,0,0.08163264393806458
2734,0,0,0.026082370430231094
2735,0,0,0.13283883035182953
2736,0,0,0.3765357434749603
2737,0,0,0.16794656217098236
2738,0,0,0.027543818578124046
2739,0,0,0.3015231788158417
2740,0,0,0.15463662147521973
2741,0,0,0.12551529705524445
2742,0,0,0.05410357564687729
2743,0,0,0.027785450220108032
2744,0,0,0.030567994341254234
2745,0,0,0.372985303401947
2746,0,0,0.11290591955184937
2747,0,0,0.12047158181667328
2748,0,0,0.09761053323745728
2749,0,0,0.22930966317653656
2750,0,0,0.2193223088979721
2751,0,0,0.06766223162412643
2752,1,0,0.9420841932296753
2753,0,0,0.3408442437648773
2754,0,0,0.1333669126033783
2755,0,0,0.01941479556262493
2756,0,0,0.06893100589513779
2757,0,0,0.21031950414180756
2758,0,0,0.24049577116966248
2759,0,0,0.3531784415245056
2760,0,0,0.39155882596969604
2761,0,0,0.22282734513282776
2762,0,0,0.39283889532089233
2763,0,0,0.13714437186717987
2764,0,0,0.13256984949111938
2765,0,0,0.1017763689160347
2766,0,0,0.03940938413143158
2767,0,0,0.03248314559459686
2768,0,0,0.27622100710868835
2769,0,0,0.08532152324914932
2770,1,0,0.5636005997657776
2771,0,0,0.04378128424286842
2772,0,0,0.11976023018360138
2773,0,0,0.10622302442789078
2774,0,0,0.154910147190094
2775,0,0,0.1483728140592575
2776,0,0,0.03960030525922775
2777,0,0,0.4104782044887543
2778,0,0,0.14405633509159088
2779,0,0,0.11083564162254333
2780,0,0,0.1506963074207306
2781,0,0,0.43444961309432983
2782,0,0,0.05273010954260826
2783,0,0,0.027528436854481697
2784,0,0,0.0339033342897892
2785,0,0,0.029643608257174492
2786,0,0,0.09146052598953247
2787,0,0,0.09258771687746048
2788,0,0,0.15102823078632355
2789,0,0,0.17086459696292877
2790,0,0,0.04624593257904053
2791,0,0,0.02640414610505104
2792,0,0,0.026133887469768524
2793,0,0,0.09446392953395844
2794,0,0,0.06740611791610718
2795,0,0,0.05745059624314308
2796,0,0,0.027660811319947243
2797,0,0,0.1636262685060501
2798,0,0,0.0856490433216095
2799,0,0,0.12714755535125732
2800,0,0,0.08383775502443314
2801,0,0,0.029325416311621666
2802,0,0,0.16397474706172943
2803,1,0,0.7433329224586487
2804,0,0,0.049809735268354416
2805,0,0,0.08293334394693375
2806,0,0,0.3139401972293854
2807,0,0,0.08135326951742172
2808,0,0,0.1636745035648346
2809,0,0,0.1108112782239914
2810,0,0,0.11098761111497879
2811,0,0,0.08821004629135132
2812,0,0,0.2072344720363617
2813,0,0,0.042904388159513474
2814,0,0,0.01276305690407753
2815,0,0,0.1114298403263092
2816,0,0,0.11614108085632324
2817,0,0,0.21316170692443848
2818,0,0,0.0917503610253334
2819,0,0,0.045775122940540314
2820,0,0,0.10139448940753937
2821,1,0,0.8030726909637451
2822,0,0,0.11106587946414948
2823,1,0,0.5510463714599609
2824,0,0,0.04637545347213745
2825,0,0,0.05729968100786209
2826,0,0,0.10510668158531189
2827,0,0,0.048052962869405746
2828,0,0,0.05323608219623566
2829,0,0,0.25781336426734924
2830,0,0,0.07524880021810532
2831,0,0,0.24053294956684113
2832,0,0,0.19763411581516266
2833,0,0,0.03962486609816551
2834,1,0,0.5311368703842163
2835,0,0,0.026263194158673286
2836,0,0,0.18402980268001556
2837,0,0,0.09109244495630264
2838,0,0,0.09567722678184509
2839,0,0,0.06462933868169785
2840,0,0,0.055267900228500366
2841,0,0,0.05649038031697273
2842,0,0,0.1856696605682373
2843,0,0,0.038018155843019485
2844,0,0,0.08154786378145218
2845,0,0,0.12961365282535553
2846,0,0,0.06781934946775436
2847,0,0,0.029492061585187912
2848,0,0,0.11086282879114151
2849,0,0,0.04524219408631325
2850,0,0,0.28081756830215454
2851,0,0,0.04363042488694191
2852,0,0,0.037402085959911346
2853,0,0,0.04142986983060837
2854,0,0,0.2378780096769333
2855,0,0,0.05241487920284271
2856,0,0,0.025604352355003357
2857,1,0,0.6040356755256653
2858,1,0,0.538732647895813
2859,0,0,0.024173719808459282
2860,1,0,0.5659104585647583
2861,0,0,0.12447802722454071
2862,1,0,0.5611850023269653
2863,0,0,0.0478513203561306
2864,0,0,0.24634376168251038
2865,0,0,0.04503442347049713
2866,0,0,0.06930060684680939
2867,0,0,0.06368712335824966
2868,0,0,0.38168787956237793
2869,0,0,0.281770259141922
2870,0,0,0.15801076591014862
2871,0,0,0.0886329934000969
2872,0,0,0.14018584787845612
2873,0,0,0.11223355680704117
2874,0,0,0.13285258412361145
2875,1,0,0.8630314469337463
2876,0,0,0.18747404217720032
2877,0,0,0.10008038580417633
2878,0,0,0.09493337571620941
2879,0,0,0.01561849843710661
2880,0,0,0.030611954629421234
2881,0,0,0.03828729689121246
2882,0,0,0.21956683695316315
2883,0,0,0.1719641089439392
2884,0,0,0.07995527237653732
2885,0,0,0.01727973483502865
2886,0,0,0.05407147482037544
2887,0,0,0.12350250035524368
2888,0,0,0.031649135053157806
2889,0,0,0.013988195918500423
2890,0,0,0.040131740272045135
2891,0,0,0.17087993025779724
2892,0,0,0.15728405117988586
2893,0,0,0.039395809173583984
2894,0,0,0.0782412514090538
2895,0,0,0.049217451363801956
2896,0,0,0.046325184404850006
2897,0,0,0.373477041721344
2898,1,0,0.900571346282959
2899,0,0,0.17500340938568115
2900,0,0,0.07759758085012436
2901,0,0,0.03511118143796921
2902,0,0,0.03655872493982315
2903,0,0,0.09635256975889206
2904,0,0,0.046743251383304596
2905,0,0,0.036747708916664124
2906,1,0,0.8828296065330505
2907,0,0,0.09305854886770248
2908,1,0,0.7557231187820435
2909,0,0,0.29347681999206543
2910,0,0,0.04070368409156799
2911,0,0,0.048030562698841095
2912,0,0,0.01865214668214321
2913,0,0,0.055691756308078766
2914,0,0,0.005992758087813854
2915,0,0,0.2759917378425598
2916,0,0,0.4754037857055664
2917,0,0,0.10809368640184402
2918,0,0,0.0285057183355093
2919,0,0,0.012801675125956535
2920,0,0,0.05459613725543022
2921,0,0,0.04485737159848213
2922,0,0,0.0983138233423233
2923,0,0,0.2734306752681732
2924,0,0,0.17231231927871704
2925,0,0,0.03480269014835358
2926,0,0,0.14813955128192902
2927,0,0,0.019884318113327026
2928,0,0,0.024444231763482094
2929,0,0,0.09731244295835495
2930,0,0,0.15084028244018555
2931,0,0,0.18389758467674255
2932,0,0,0.07253626734018326
2933,0,0,0.07020911574363708
2934,0,0,0.0527581125497818
2935,0,0,0.10634633898735046
2936,0,0,0.03155408427119255
2937,1,0,0.559629499912262
2938,0,0,0.08154056966304779
2939,0,0,0.04416045919060707
2940,0,0,0.05762283131480217
2941,0,0,0.06883979588747025
2942,0,0,0.04082733765244484
2943,0,0,0.14620600640773773
2944,0,0,0.11450311541557312
2945,0,0,0.14347511529922485
2946,0,0,0.4096696078777313
2947,0,0,0.0929078683257103
2948,0,0,0.0511382594704628
2949,0,0,0.01709594763815403
2950,0,0,0.19976411759853363
2951,0,0,0.24162399768829346
2952,0,0,0.2787679433822632
2953,0,0,0.06793389469385147
2954,0,0,0.07459858804941177
2955,0,0,0.05948972329497337
2956,0,0,0.06793784350156784
2957,0,0,0.038855429738759995
2958,0,0,0.1561107188463211
2959,1,0,0.9819573163986206
2960,0,0,0.1887911856174469
2961,0,0,0.12015699595212936
2962,0,0,0.06408877670764923
2963,0,0,0.18388468027114868
2964,0,0,0.4921570420265198
2965,0,0,0.16565166413784027
2966,0,0,0.032677631825208664
2967,0,0,0.0663570836186409
2968,1,0,0.8700872659683228
2969,1,0,0.7935230731964111
2970,0,0,0.008543546311557293
2971,0,0,0.03771316632628441
2972,0,0,0.14640912413597107
2973,0,0,0.4574104845523834
2974,0,0,0.13837504386901855
2975,0,0,0.1456514149904251
2976,0,0,0.3975892961025238
2977,0,0,0.12261829525232315
2978,0,0,0.03649124875664711
2979,0,0,0.048452045768499374
2980,0,0,0.38364121317863464
2981,0,0,0.3758505582809448
2982,0,0,0.01716660149395466
2983,0,0,0.39952558279037476
2984,0,0,0.08519448339939117
2985,1,0,0.700192928314209
2986,0,0,0.1418495625257492
2987,0,0,0.09272144734859467
2988,0,0,0.13859684765338898
2989,0,0,0.03572702035307884
2990,0,0,0.24175989627838135
2991,0,0,0.024714263156056404
2992,0,0,0.10610849410295486
2993,0,0,0.2663635015487671
2994,0,0,0.08452687412500381
2995,0,0,0.0811023861169815
2996,0,0,0.06797630339860916
2997,0,0,0.12033332139253616
2998,0,0,0.46707016229629517
2999,0,0,0.01399087905883789
3000,0,0,0.08883684128522873
3001,0,0,0.12211713194847107
3002,0,0,0.07798312604427338
3003,0,0,0.31599217653274536
3004,0,0,0.1325828582048416
3005,0,0,0.0510602705180645
3006,0,0,0.04608185589313507
3007,0,0,0.039488911628723145
3008,1,0,0.615073025226593
3009,0,0,0.017572756856679916
3010,1,0,0.8120294809341431
3011,0,0,0.4898788034915924
3012,0,0,0.2823754549026489
3013,0,0,0.11665741354227066
